"URL","Page Type","Primary Intent","Commercial Intent Score","Search Intent Score","Topical Completeness Score","Direct Answer Score","EEAT Score","Local Relevance Score","Conversion Score","Internal Link Score","Metadata Score","Schema Score","Mobile Score","Accessibility Score","Originality Score","Decision Usefulness Score","Truthfulness Score","Total Score","Improvement Potential","Business Priority","Known Issue","Recommended Action","Selected For Upgrade","Evidence Notes"
"/","Homepage","Emergency plumbing request entry","9","8","10","6","8","9","8","10","8","10","8","8","8","8","9","127","Medium","High","Good baseline; monitor after owner phone/routing configuration is complete.","Preserve current page and revisit after conversion tracking and owner configuration.","no","Built HTML evidence: h1=""Emergency Plumbing Help Across Dallas-Fort Worth"", schemas=Organization|WebPage|BreadcrumbList|FAQPage, faqCount=8, links=72, form=yes, callEvent=yes, tel=no; placeholder phone routes CTA to /contact. Search Console data: NOT AVAILABLE IN REPOSITORY."
"/services/24-hour-emergency-plumber","Primary service page","Emergency service selection","9","8","10","9","9","7","8","10","8","10","8","8","8","9","9","130","High","High","High-value page had useful basics but needed deeper decision support, E-E-A-T, FAQs, and related-resource routing.","Selected and upgraded in Day 2 Session 1.","yes","Built HTML evidence: h1=""24-hour emergency plumber in Dallas-Fort Worth"", schemas=Organization|WebPage|Service|BreadcrumbList|FAQPage, faqCount=8, links=40, form=yes, callEvent=yes, tel=no; placeholder phone routes CTA to /contact. Search Console data: NOT AVAILABLE IN REPOSITORY."
"/services/burst-pipe-emergency","Primary service page","Emergency service selection","9","8","9","9","8","7","8","10","8","10","8","8","8","8","9","127","Medium","Medium-high","Good baseline; monitor after owner phone/routing configuration is complete.","Preserve current page and revisit after conversion tracking and owner configuration.","no","Built HTML evidence: h1=""burst pipe emergency in Dallas-Fort Worth"", schemas=Organization|WebPage|Service|BreadcrumbList|FAQPage, faqCount=8, links=40, form=yes, callEvent=yes, tel=no; placeholder phone routes CTA to /contact. Search Console data: NOT AVAILABLE IN REPOSITORY."
"/services/commercial-emergency-plumbing","Primary service page","Emergency service selection","9","8","9","9","8","7","8","10","8","10","8","8","8","8","9","127","Medium","Medium-high","Good baseline; monitor after owner phone/routing configuration is complete.","Preserve current page and revisit after conversion tracking and owner configuration.","no","Built HTML evidence: h1=""commercial emergency plumbing in Dallas-Fort Worth"", schemas=Organization|WebPage|Service|BreadcrumbList|FAQPage, faqCount=8, links=40, form=yes, callEvent=yes, tel=no; placeholder phone routes CTA to /contact. Search Console data: NOT AVAILABLE IN REPOSITORY."
"/services/emergency-drain-cleaning","Primary service page","Urgent drain service selection","9","8","10","9","9","7","8","10","8","10","8","8","8","9","9","130","High","High","High-value page had useful basics but needed deeper decision support, E-E-A-T, FAQs, and related-resource routing.","Selected and upgraded in Day 2 Session 1.","yes","Built HTML evidence: h1=""emergency drain cleaning in Dallas-Fort Worth"", schemas=Organization|WebPage|Service|BreadcrumbList|FAQPage, faqCount=8, links=40, form=yes, callEvent=yes, tel=no; placeholder phone routes CTA to /contact. Search Console data: NOT AVAILABLE IN REPOSITORY."
"/services/main-sewer-line-clog","Primary service page","Emergency service selection","9","8","9","9","8","7","8","10","8","10","8","8","8","8","9","127","Medium","Medium-high","Good baseline; monitor after owner phone/routing configuration is complete.","Preserve current page and revisit after conversion tracking and owner configuration.","no","Built HTML evidence: h1=""main sewer line clog in Dallas-Fort Worth"", schemas=Organization|WebPage|Service|BreadcrumbList|FAQPage, faqCount=8, links=40, form=yes, callEvent=yes, tel=no; placeholder phone routes CTA to /contact. Search Console data: NOT AVAILABLE IN REPOSITORY."
"/services/same-day-plumber-connection","Primary service page","Emergency service selection","9","8","9","9","8","7","8","10","8","10","8","8","8","8","9","127","Medium","Medium-high","Good baseline; monitor after owner phone/routing configuration is complete.","Preserve current page and revisit after conversion tracking and owner configuration.","no","Built HTML evidence: h1=""same-day plumber connection in Dallas-Fort Worth"", schemas=Organization|WebPage|Service|BreadcrumbList|FAQPage, faqCount=8, links=40, form=yes, callEvent=yes, tel=no; placeholder phone routes CTA to /contact. Search Console data: NOT AVAILABLE IN REPOSITORY."
"/services/sewer-backup-help","Primary service page","Emergency service selection","9","8","9","9","8","7","8","10","8","10","8","8","8","8","9","127","Medium","Medium-high","Good baseline; monitor after owner phone/routing configuration is complete.","Preserve current page and revisit after conversion tracking and owner configuration.","no","Built HTML evidence: h1=""sewer backup help in Dallas-Fort Worth"", schemas=Organization|WebPage|Service|BreadcrumbList|FAQPage, faqCount=8, links=40, form=yes, callEvent=yes, tel=no; placeholder phone routes CTA to /contact. Search Console data: NOT AVAILABLE IN REPOSITORY."
"/services/sink-and-shower-drain-backup","Primary service page","Urgent drain service selection","9","8","9","9","8","7","8","10","8","10","8","8","8","8","9","127","Medium","Medium-high","Good baseline; monitor after owner phone/routing configuration is complete.","Preserve current page and revisit after conversion tracking and owner configuration.","no","Built HTML evidence: h1=""sink and shower drain backup in Dallas-Fort Worth"", schemas=Organization|WebPage|Service|BreadcrumbList|FAQPage, faqCount=8, links=40, form=yes, callEvent=yes, tel=no; placeholder phone routes CTA to /contact. Search Console data: NOT AVAILABLE IN REPOSITORY."
"/services/toilet-overflow-emergency","Primary service page","Emergency service selection","9","8","9","9","8","7","8","10","8","10","8","8","8","8","9","127","Medium","Medium-high","Good baseline; monitor after owner phone/routing configuration is complete.","Preserve current page and revisit after conversion tracking and owner configuration.","no","Built HTML evidence: h1=""toilet overflow emergency in Dallas-Fort Worth"", schemas=Organization|WebPage|Service|BreadcrumbList|FAQPage, faqCount=8, links=40, form=yes, callEvent=yes, tel=no; placeholder phone routes CTA to /contact. Search Console data: NOT AVAILABLE IN REPOSITORY."
"/services/water-heater-emergency","Primary service page","Emergency service selection","9","8","9","9","8","7","8","10","8","10","8","8","8","8","9","127","Medium","Medium-high","Good baseline; monitor after owner phone/routing configuration is complete.","Preserve current page and revisit after conversion tracking and owner configuration.","no","Built HTML evidence: h1=""water heater emergency in Dallas-Fort Worth"", schemas=Organization|WebPage|Service|BreadcrumbList|FAQPage, faqCount=8, links=40, form=yes, callEvent=yes, tel=no; placeholder phone routes CTA to /contact. Search Console data: NOT AVAILABLE IN REPOSITORY."
"/problems/bathtub-drain-backing-up","High-value problem page","Problem diagnosis and urgent next steps","8","8","8","9","8","7","8","10","8","10","8","8","8","8","9","125","Medium","Medium-high","Good baseline; monitor after owner phone/routing configuration is complete.","Preserve current page and revisit after conversion tracking and owner configuration.","no","Built HTML evidence: h1=""Bathtub drain backing up"", schemas=Organization|WebPage|BreadcrumbList|FAQPage, faqCount=8, links=41, form=yes, callEvent=yes, tel=no; placeholder phone routes CTA to /contact. Search Console data: NOT AVAILABLE IN REPOSITORY."
"/problems/burst-pipe-first-steps","High-value problem page","Problem diagnosis and urgent next steps","8","8","8","9","8","7","8","10","8","10","8","8","8","8","9","125","Medium","Medium-high","Good baseline; monitor after owner phone/routing configuration is complete.","Preserve current page and revisit after conversion tracking and owner configuration.","no","Built HTML evidence: h1=""Burst pipe first steps"", schemas=Organization|WebPage|BreadcrumbList|FAQPage, faqCount=8, links=41, form=yes, callEvent=yes, tel=no; placeholder phone routes CTA to /contact. Search Console data: NOT AVAILABLE IN REPOSITORY."
"/problems/ceiling-leak-from-plumbing","High-value problem page","Problem diagnosis and urgent next steps","8","8","8","9","8","7","8","10","8","10","8","8","8","8","9","125","Medium","Medium-high","Good baseline; monitor after owner phone/routing configuration is complete.","Preserve current page and revisit after conversion tracking and owner configuration.","no","Built HTML evidence: h1=""Ceiling leak from plumbing"", schemas=Organization|WebPage|BreadcrumbList|FAQPage, faqCount=8, links=41, form=yes, callEvent=yes, tel=no; placeholder phone routes CTA to /contact. Search Console data: NOT AVAILABLE IN REPOSITORY."
"/problems/floor-drain-backing-up","High-value problem page","Problem diagnosis and urgent next steps","8","8","8","9","8","7","8","10","8","10","8","8","8","8","9","125","Medium","Medium-high","Good baseline; monitor after owner phone/routing configuration is complete.","Preserve current page and revisit after conversion tracking and owner configuration.","no","Built HTML evidence: h1=""Floor drain backing up"", schemas=Organization|WebPage|BreadcrumbList|FAQPage, faqCount=8, links=41, form=yes, callEvent=yes, tel=no; placeholder phone routes CTA to /contact. Search Console data: NOT AVAILABLE IN REPOSITORY."
"/problems/gurgling-toilet-and-slow-drains","High-value problem page","Problem diagnosis and urgent next steps","8","8","8","9","8","7","8","10","8","10","8","8","8","8","9","125","Medium","Medium-high","Good baseline; monitor after owner phone/routing configuration is complete.","Preserve current page and revisit after conversion tracking and owner configuration.","no","Built HTML evidence: h1=""Gurgling toilet and slow drains"", schemas=Organization|WebPage|BreadcrumbList|FAQPage, faqCount=8, links=41, form=yes, callEvent=yes, tel=no; placeholder phone routes CTA to /contact. Search Console data: NOT AVAILABLE IN REPOSITORY."
"/problems/kitchen-sink-backing-up","High-value problem page","Problem diagnosis and urgent next steps","8","8","8","9","8","7","8","10","8","10","8","8","8","8","9","125","Medium","Medium-high","Good baseline; monitor after owner phone/routing configuration is complete.","Preserve current page and revisit after conversion tracking and owner configuration.","no","Built HTML evidence: h1=""Kitchen sink backing up"", schemas=Organization|WebPage|BreadcrumbList|FAQPage, faqCount=8, links=41, form=yes, callEvent=yes, tel=no; placeholder phone routes CTA to /contact. Search Console data: NOT AVAILABLE IN REPOSITORY."
"/problems/main-sewer-line-signs","High-value problem page","Problem diagnosis and urgent next steps","8","8","8","9","8","7","8","10","8","10","8","8","8","8","9","125","Medium","Medium-high","Good baseline; monitor after owner phone/routing configuration is complete.","Preserve current page and revisit after conversion tracking and owner configuration.","no","Built HTML evidence: h1=""Main sewer line signs"", schemas=Organization|WebPage|BreadcrumbList|FAQPage, faqCount=8, links=41, form=yes, callEvent=yes, tel=no; placeholder phone routes CTA to /contact. Search Console data: NOT AVAILABLE IN REPOSITORY."
"/problems/no-hot-water-emergency","High-value problem page","Problem diagnosis and urgent next steps","8","8","8","9","8","7","8","10","8","10","8","8","8","8","9","125","Medium","Medium-high","Good baseline; monitor after owner phone/routing configuration is complete.","Preserve current page and revisit after conversion tracking and owner configuration.","no","Built HTML evidence: h1=""No hot water emergency"", schemas=Organization|WebPage|BreadcrumbList|FAQPage, faqCount=8, links=41, form=yes, callEvent=yes, tel=no; placeholder phone routes CTA to /contact. Search Console data: NOT AVAILABLE IN REPOSITORY."
"/problems/outdoor-cleanout-overflowing","High-value problem page","Problem diagnosis and urgent next steps","8","8","8","9","8","7","8","10","8","10","8","8","8","8","9","125","Medium","Medium-high","Good baseline; monitor after owner phone/routing configuration is complete.","Preserve current page and revisit after conversion tracking and owner configuration.","no","Built HTML evidence: h1=""Outdoor cleanout overflowing"", schemas=Organization|WebPage|BreadcrumbList|FAQPage, faqCount=8, links=41, form=yes, callEvent=yes, tel=no; placeholder phone routes CTA to /contact. Search Console data: NOT AVAILABLE IN REPOSITORY."
"/problems/sewer-smell-in-bathroom","High-value problem page","Problem diagnosis and urgent next steps","8","8","8","9","8","7","8","10","8","10","8","8","8","8","9","125","Medium","Medium-high","Good baseline; monitor after owner phone/routing configuration is complete.","Preserve current page and revisit after conversion tracking and owner configuration.","no","Built HTML evidence: h1=""Sewer smell in bathroom"", schemas=Organization|WebPage|BreadcrumbList|FAQPage, faqCount=8, links=41, form=yes, callEvent=yes, tel=no; placeholder phone routes CTA to /contact. Search Console data: NOT AVAILABLE IN REPOSITORY."
"/problems/toilet-overflowing-will-not-stop","High-value problem page","Problem diagnosis and urgent next steps","8","8","8","9","8","7","8","10","8","10","8","8","8","8","9","125","Medium","Medium-high","Good baseline; monitor after owner phone/routing configuration is complete.","Preserve current page and revisit after conversion tracking and owner configuration.","no","Built HTML evidence: h1=""Toilet overflowing and will not stop"", schemas=Organization|WebPage|BreadcrumbList|FAQPage, faqCount=8, links=41, form=yes, callEvent=yes, tel=no; placeholder phone routes CTA to /contact. Search Console data: NOT AVAILABLE IN REPOSITORY."
"/problems/washing-machine-drain-backing-up","High-value problem page","Problem diagnosis and urgent next steps","8","8","8","9","8","7","8","10","8","10","8","8","8","8","9","125","Medium","Medium-high","Good baseline; monitor after owner phone/routing configuration is complete.","Preserve current page and revisit after conversion tracking and owner configuration.","no","Built HTML evidence: h1=""Washing machine drain backing up"", schemas=Organization|WebPage|BreadcrumbList|FAQPage, faqCount=8, links=41, form=yes, callEvent=yes, tel=no; placeholder phone routes CTA to /contact. Search Console data: NOT AVAILABLE IN REPOSITORY."
"/problems/water-backing-up-in-shower-and-toilet","High-value problem page","Problem diagnosis and urgent next steps","8","8","10","9","9","7","8","10","8","10","8","8","8","9","9","129","High","High","High-value page had useful basics but needed deeper decision support, E-E-A-T, FAQs, and related-resource routing.","Selected and upgraded in Day 2 Session 1.","yes","Built HTML evidence: h1=""Water backing up in shower and toilet"", schemas=Organization|WebPage|BreadcrumbList|FAQPage, faqCount=8, links=41, form=yes, callEvent=yes, tel=no; placeholder phone routes CTA to /contact. Search Console data: NOT AVAILABLE IN REPOSITORY."
"/problems/water-heater-leaking-emergency","High-value problem page","Problem diagnosis and urgent next steps","8","8","8","9","8","7","8","10","8","10","8","8","8","8","9","125","Medium","Medium-high","Good baseline; monitor after owner phone/routing configuration is complete.","Preserve current page and revisit after conversion tracking and owner configuration.","no","Built HTML evidence: h1=""Water heater leaking emergency"", schemas=Organization|WebPage|BreadcrumbList|FAQPage, faqCount=8, links=41, form=yes, callEvent=yes, tel=no; placeholder phone routes CTA to /contact. Search Console data: NOT AVAILABLE IN REPOSITORY."
"/cost-guides/burst-pipe-emergency-cost-guide","High-value cost page","Cost research and booking questions","8","8","7","9","8","7","8","10","8","10","8","8","8","8","9","124","Medium","Medium-high","Good baseline; monitor after owner phone/routing configuration is complete.","Preserve current page and revisit after conversion tracking and owner configuration.","no","Built HTML evidence: h1=""Burst pipe emergency cost guide"", schemas=Organization|WebPage|BreadcrumbList|FAQPage, faqCount=8, links=40, form=yes, callEvent=yes, tel=no; placeholder phone routes CTA to /contact. Search Console data: NOT AVAILABLE IN REPOSITORY."
"/cost-guides/drain-cleaning-cost-dfw","High-value cost page","Cost research and booking questions","8","8","7","9","8","7","8","10","8","10","8","8","8","8","9","124","Medium","Medium-high","Good baseline; monitor after owner phone/routing configuration is complete.","Preserve current page and revisit after conversion tracking and owner configuration.","no","Built HTML evidence: h1=""Drain cleaning cost in Dallas-Fort Worth"", schemas=Organization|WebPage|BreadcrumbList|FAQPage, faqCount=8, links=40, form=yes, callEvent=yes, tel=no; placeholder phone routes CTA to /contact. Search Console data: NOT AVAILABLE IN REPOSITORY."
"/cost-guides/emergency-plumbing-cost-dfw","High-value cost page","Cost research and booking questions","8","8","10","9","9","7","8","10","8","10","8","8","8","9","9","129","High","High","High-value page had useful basics but needed deeper decision support, E-E-A-T, FAQs, and related-resource routing.","Selected and upgraded in Day 2 Session 1.","yes","Built HTML evidence: h1=""Emergency plumber cost in Dallas-Fort Worth"", schemas=Organization|WebPage|BreadcrumbList|FAQPage, faqCount=8, links=40, form=yes, callEvent=yes, tel=no; placeholder phone routes CTA to /contact. Search Console data: NOT AVAILABLE IN REPOSITORY."
"/cost-guides/sewer-line-clog-cost-guide","High-value cost page","Cost research and booking questions","8","8","7","9","8","7","8","10","8","10","8","8","8","8","9","124","Medium","Medium-high","Good baseline; monitor after owner phone/routing configuration is complete.","Preserve current page and revisit after conversion tracking and owner configuration.","no","Built HTML evidence: h1=""Sewer line clog cost guide"", schemas=Organization|WebPage|BreadcrumbList|FAQPage, faqCount=8, links=40, form=yes, callEvent=yes, tel=no; placeholder phone routes CTA to /contact. Search Console data: NOT AVAILABLE IN REPOSITORY."
"/cost-guides/water-heater-emergency-cost-guide","High-value cost page","Cost research and booking questions","8","8","7","9","8","7","8","10","8","10","8","8","8","8","9","124","Medium","Medium-high","Good baseline; monitor after owner phone/routing configuration is complete.","Preserve current page and revisit after conversion tracking and owner configuration.","no","Built HTML evidence: h1=""Water heater emergency cost guide"", schemas=Organization|WebPage|BreadcrumbList|FAQPage, faqCount=8, links=40, form=yes, callEvent=yes, tel=no; placeholder phone routes CTA to /contact. Search Console data: NOT AVAILABLE IN REPOSITORY."
"/cities/allen","High-priority city page","Local provider request","8","8","8","9","7","9","8","10","8","10","8","8","7","8","9","125","Medium","Medium","Template local copy is truthful but would benefit from owner-verified local proof later.","Defer broad local proof additions until owner supplies verified details.","no","Built HTML evidence: h1=""Emergency plumbing help in Allen"", schemas=Organization|WebPage|BreadcrumbList|FAQPage, faqCount=8, links=54, form=yes, callEvent=yes, tel=no; placeholder phone routes CTA to /contact. Search Console data: NOT AVAILABLE IN REPOSITORY."
"/cities/arlington","High-priority city page","Local provider request","8","8","8","9","7","9","8","10","8","10","8","8","7","8","9","125","Medium","Medium","Template local copy is truthful but would benefit from owner-verified local proof later.","Defer broad local proof additions until owner supplies verified details.","no","Built HTML evidence: h1=""Emergency plumbing help in Arlington"", schemas=Organization|WebPage|BreadcrumbList|FAQPage, faqCount=8, links=56, form=yes, callEvent=yes, tel=no; placeholder phone routes CTA to /contact. Search Console data: NOT AVAILABLE IN REPOSITORY."
"/cities/bedford","High-priority city page","Local provider request","8","8","8","9","7","9","8","10","8","10","8","8","7","8","9","125","Medium","Medium","Template local copy is truthful but would benefit from owner-verified local proof later.","Defer broad local proof additions until owner supplies verified details.","no","Built HTML evidence: h1=""Emergency plumbing help in Bedford"", schemas=Organization|WebPage|BreadcrumbList|FAQPage, faqCount=8, links=54, form=yes, callEvent=yes, tel=no; placeholder phone routes CTA to /contact. Search Console data: NOT AVAILABLE IN REPOSITORY."
"/cities/carrollton","High-priority city page","Local provider request","8","8","8","9","7","9","8","10","8","10","8","8","7","8","9","125","Medium","Medium","Template local copy is truthful but would benefit from owner-verified local proof later.","Defer broad local proof additions until owner supplies verified details.","no","Built HTML evidence: h1=""Emergency plumbing help in Carrollton"", schemas=Organization|WebPage|BreadcrumbList|FAQPage, faqCount=8, links=54, form=yes, callEvent=yes, tel=no; placeholder phone routes CTA to /contact. Search Console data: NOT AVAILABLE IN REPOSITORY."
"/cities/cedar-hill","High-priority city page","Local provider request","8","8","8","9","7","9","8","10","8","10","8","8","7","8","9","125","Medium","Medium","Template local copy is truthful but would benefit from owner-verified local proof later.","Defer broad local proof additions until owner supplies verified details.","no","Built HTML evidence: h1=""Emergency plumbing help in Cedar Hill"", schemas=Organization|WebPage|BreadcrumbList|FAQPage, faqCount=8, links=54, form=yes, callEvent=yes, tel=no; placeholder phone routes CTA to /contact. Search Console data: NOT AVAILABLE IN REPOSITORY."
"/cities/dallas","High-priority city page","Local provider request","8","8","8","9","7","9","8","10","8","10","8","8","7","8","9","125","Medium","Medium","Template local copy is truthful but would benefit from owner-verified local proof later.","Defer broad local proof additions until owner supplies verified details.","no","Built HTML evidence: h1=""Emergency plumbing help in Dallas"", schemas=Organization|WebPage|BreadcrumbList|FAQPage, faqCount=8, links=56, form=yes, callEvent=yes, tel=no; placeholder phone routes CTA to /contact. Search Console data: NOT AVAILABLE IN REPOSITORY."
"/cities/denton","High-priority city page","Local provider request","8","8","8","9","7","9","8","10","8","10","8","8","7","8","9","125","Medium","Medium","Template local copy is truthful but would benefit from owner-verified local proof later.","Defer broad local proof additions until owner supplies verified details.","no","Built HTML evidence: h1=""Emergency plumbing help in Denton"", schemas=Organization|WebPage|BreadcrumbList|FAQPage, faqCount=8, links=54, form=yes, callEvent=yes, tel=no; placeholder phone routes CTA to /contact. Search Console data: NOT AVAILABLE IN REPOSITORY."
"/cities/desoto","High-priority city page","Local provider request","8","8","8","9","7","9","8","10","8","10","8","8","7","8","9","125","Medium","Medium","Template local copy is truthful but would benefit from owner-verified local proof later.","Defer broad local proof additions until owner supplies verified details.","no","Built HTML evidence: h1=""Emergency plumbing help in DeSoto"", schemas=Organization|WebPage|BreadcrumbList|FAQPage, faqCount=8, links=54, form=yes, callEvent=yes, tel=no; placeholder phone routes CTA to /contact. Search Console data: NOT AVAILABLE IN REPOSITORY."
"/cities/duncanville","High-priority city page","Local provider request","8","8","8","9","7","9","8","10","8","10","8","8","7","8","9","125","Medium","Medium","Template local copy is truthful but would benefit from owner-verified local proof later.","Defer broad local proof additions until owner supplies verified details.","no","Built HTML evidence: h1=""Emergency plumbing help in Duncanville"", schemas=Organization|WebPage|BreadcrumbList|FAQPage, faqCount=8, links=54, form=yes, callEvent=yes, tel=no; placeholder phone routes CTA to /contact. Search Console data: NOT AVAILABLE IN REPOSITORY."
"/cities/euless","High-priority city page","Local provider request","8","8","8","9","7","9","8","10","8","10","8","8","7","8","9","125","Medium","Medium","Template local copy is truthful but would benefit from owner-verified local proof later.","Defer broad local proof additions until owner supplies verified details.","no","Built HTML evidence: h1=""Emergency plumbing help in Euless"", schemas=Organization|WebPage|BreadcrumbList|FAQPage, faqCount=8, links=54, form=yes, callEvent=yes, tel=no; placeholder phone routes CTA to /contact. Search Console data: NOT AVAILABLE IN REPOSITORY."
"/cities/flower-mound","High-priority city page","Local provider request","8","8","8","9","7","9","8","10","8","10","8","8","7","8","9","125","Medium","Medium","Template local copy is truthful but would benefit from owner-verified local proof later.","Defer broad local proof additions until owner supplies verified details.","no","Built HTML evidence: h1=""Emergency plumbing help in Flower Mound"", schemas=Organization|WebPage|BreadcrumbList|FAQPage, faqCount=8, links=54, form=yes, callEvent=yes, tel=no; placeholder phone routes CTA to /contact. Search Console data: NOT AVAILABLE IN REPOSITORY."
"/cities/fort-worth","High-priority city page","Local provider request","8","8","8","9","7","9","8","10","8","10","8","8","7","8","9","125","Medium","Medium","Template local copy is truthful but would benefit from owner-verified local proof later.","Defer broad local proof additions until owner supplies verified details.","no","Built HTML evidence: h1=""Emergency plumbing help in Fort Worth"", schemas=Organization|WebPage|BreadcrumbList|FAQPage, faqCount=8, links=56, form=yes, callEvent=yes, tel=no; placeholder phone routes CTA to /contact. Search Console data: NOT AVAILABLE IN REPOSITORY."
"/cities/frisco","High-priority city page","Local provider request","8","8","8","9","7","9","8","10","8","10","8","8","7","8","9","125","Medium","Medium","Template local copy is truthful but would benefit from owner-verified local proof later.","Defer broad local proof additions until owner supplies verified details.","no","Built HTML evidence: h1=""Emergency plumbing help in Frisco"", schemas=Organization|WebPage|BreadcrumbList|FAQPage, faqCount=8, links=56, form=yes, callEvent=yes, tel=no; placeholder phone routes CTA to /contact. Search Console data: NOT AVAILABLE IN REPOSITORY."
"/cities/garland","High-priority city page","Local provider request","8","8","8","9","7","9","8","10","8","10","8","8","7","8","9","125","Medium","Medium","Template local copy is truthful but would benefit from owner-verified local proof later.","Defer broad local proof additions until owner supplies verified details.","no","Built HTML evidence: h1=""Emergency plumbing help in Garland"", schemas=Organization|WebPage|BreadcrumbList|FAQPage, faqCount=8, links=56, form=yes, callEvent=yes, tel=no; placeholder phone routes CTA to /contact. Search Console data: NOT AVAILABLE IN REPOSITORY."
"/cities/grand-prairie","High-priority city page","Local provider request","8","8","8","9","7","9","8","10","8","10","8","8","7","8","9","125","Medium","Medium","Template local copy is truthful but would benefit from owner-verified local proof later.","Defer broad local proof additions until owner supplies verified details.","no","Built HTML evidence: h1=""Emergency plumbing help in Grand Prairie"", schemas=Organization|WebPage|BreadcrumbList|FAQPage, faqCount=8, links=54, form=yes, callEvent=yes, tel=no; placeholder phone routes CTA to /contact. Search Console data: NOT AVAILABLE IN REPOSITORY."
"/cities/grapevine","High-priority city page","Local provider request","8","8","8","9","7","9","8","10","8","10","8","8","7","8","9","125","Medium","Medium","Template local copy is truthful but would benefit from owner-verified local proof later.","Defer broad local proof additions until owner supplies verified details.","no","Built HTML evidence: h1=""Emergency plumbing help in Grapevine"", schemas=Organization|WebPage|BreadcrumbList|FAQPage, faqCount=8, links=54, form=yes, callEvent=yes, tel=no; placeholder phone routes CTA to /contact. Search Console data: NOT AVAILABLE IN REPOSITORY."
"/cities/hurst","High-priority city page","Local provider request","8","8","8","9","7","9","8","10","8","10","8","8","7","8","9","125","Medium","Medium","Template local copy is truthful but would benefit from owner-verified local proof later.","Defer broad local proof additions until owner supplies verified details.","no","Built HTML evidence: h1=""Emergency plumbing help in Hurst"", schemas=Organization|WebPage|BreadcrumbList|FAQPage, faqCount=8, links=54, form=yes, callEvent=yes, tel=no; placeholder phone routes CTA to /contact. Search Console data: NOT AVAILABLE IN REPOSITORY."
"/cities/irving","High-priority city page","Local provider request","8","8","8","9","7","9","8","10","8","10","8","8","7","8","9","125","Medium","Medium","Template local copy is truthful but would benefit from owner-verified local proof later.","Defer broad local proof additions until owner supplies verified details.","no","Built HTML evidence: h1=""Emergency plumbing help in Irving"", schemas=Organization|WebPage|BreadcrumbList|FAQPage, faqCount=8, links=56, form=yes, callEvent=yes, tel=no; placeholder phone routes CTA to /contact. Search Console data: NOT AVAILABLE IN REPOSITORY."
"/cities/keller","High-priority city page","Local provider request","8","8","8","9","7","9","8","10","8","10","8","8","7","8","9","125","Medium","Medium","Template local copy is truthful but would benefit from owner-verified local proof later.","Defer broad local proof additions until owner supplies verified details.","no","Built HTML evidence: h1=""Emergency plumbing help in Keller"", schemas=Organization|WebPage|BreadcrumbList|FAQPage, faqCount=8, links=54, form=yes, callEvent=yes, tel=no; placeholder phone routes CTA to /contact. Search Console data: NOT AVAILABLE IN REPOSITORY."
"/cities/lewisville","High-priority city page","Local provider request","8","8","8","9","7","9","8","10","8","10","8","8","7","8","9","125","Medium","Medium","Template local copy is truthful but would benefit from owner-verified local proof later.","Defer broad local proof additions until owner supplies verified details.","no","Built HTML evidence: h1=""Emergency plumbing help in Lewisville"", schemas=Organization|WebPage|BreadcrumbList|FAQPage, faqCount=8, links=54, form=yes, callEvent=yes, tel=no; placeholder phone routes CTA to /contact. Search Console data: NOT AVAILABLE IN REPOSITORY."
"/cities/mansfield","High-priority city page","Local provider request","8","8","8","9","7","9","8","10","8","10","8","8","7","8","9","125","Medium","Medium","Template local copy is truthful but would benefit from owner-verified local proof later.","Defer broad local proof additions until owner supplies verified details.","no","Built HTML evidence: h1=""Emergency plumbing help in Mansfield"", schemas=Organization|WebPage|BreadcrumbList|FAQPage, faqCount=8, links=54, form=yes, callEvent=yes, tel=no; placeholder phone routes CTA to /contact. Search Console data: NOT AVAILABLE IN REPOSITORY."
"/cities/mckinney","High-priority city page","Local provider request","8","8","8","9","7","9","8","10","8","10","8","8","7","8","9","125","Medium","Medium","Template local copy is truthful but would benefit from owner-verified local proof later.","Defer broad local proof additions until owner supplies verified details.","no","Built HTML evidence: h1=""Emergency plumbing help in McKinney"", schemas=Organization|WebPage|BreadcrumbList|FAQPage, faqCount=8, links=56, form=yes, callEvent=yes, tel=no; placeholder phone routes CTA to /contact. Search Console data: NOT AVAILABLE IN REPOSITORY."
"/cities/mesquite","High-priority city page","Local provider request","8","8","8","9","7","9","8","10","8","10","8","8","7","8","9","125","Medium","Medium","Template local copy is truthful but would benefit from owner-verified local proof later.","Defer broad local proof additions until owner supplies verified details.","no","Built HTML evidence: h1=""Emergency plumbing help in Mesquite"", schemas=Organization|WebPage|BreadcrumbList|FAQPage, faqCount=8, links=54, form=yes, callEvent=yes, tel=no; placeholder phone routes CTA to /contact. Search Console data: NOT AVAILABLE IN REPOSITORY."
"/cities/plano","High-priority city page","Local provider request","8","8","8","9","7","9","8","10","8","10","8","8","7","8","9","125","Medium","Medium","Template local copy is truthful but would benefit from owner-verified local proof later.","Defer broad local proof additions until owner supplies verified details.","no","Built HTML evidence: h1=""Emergency plumbing help in Plano"", schemas=Organization|WebPage|BreadcrumbList|FAQPage, faqCount=8, links=56, form=yes, callEvent=yes, tel=no; placeholder phone routes CTA to /contact. Search Console data: NOT AVAILABLE IN REPOSITORY."
"/cities/richardson","High-priority city page","Local provider request","8","8","8","9","7","9","8","10","8","10","8","8","7","8","9","125","Medium","Medium","Template local copy is truthful but would benefit from owner-verified local proof later.","Defer broad local proof additions until owner supplies verified details.","no","Built HTML evidence: h1=""Emergency plumbing help in Richardson"", schemas=Organization|WebPage|BreadcrumbList|FAQPage, faqCount=8, links=54, form=yes, callEvent=yes, tel=no; placeholder phone routes CTA to /contact. Search Console data: NOT AVAILABLE IN REPOSITORY."
"/cities/rockwall","High-priority city page","Local provider request","8","8","8","9","7","9","8","10","8","10","8","8","7","8","9","125","Medium","Medium","Template local copy is truthful but would benefit from owner-verified local proof later.","Defer broad local proof additions until owner supplies verified details.","no","Built HTML evidence: h1=""Emergency plumbing help in Rockwall"", schemas=Organization|WebPage|BreadcrumbList|FAQPage, faqCount=8, links=54, form=yes, callEvent=yes, tel=no; placeholder phone routes CTA to /contact. Search Console data: NOT AVAILABLE IN REPOSITORY."
"/cities/rowlett","High-priority city page","Local provider request","8","8","8","9","7","9","8","10","8","10","8","8","7","8","9","125","Medium","Medium","Template local copy is truthful but would benefit from owner-verified local proof later.","Defer broad local proof additions until owner supplies verified details.","no","Built HTML evidence: h1=""Emergency plumbing help in Rowlett"", schemas=Organization|WebPage|BreadcrumbList|FAQPage, faqCount=8, links=54, form=yes, callEvent=yes, tel=no; placeholder phone routes CTA to /contact. Search Console data: NOT AVAILABLE IN REPOSITORY."
"/cities/southlake","High-priority city page","Local provider request","8","8","8","9","7","9","8","10","8","10","8","8","7","8","9","125","Medium","Medium","Template local copy is truthful but would benefit from owner-verified local proof later.","Defer broad local proof additions until owner supplies verified details.","no","Built HTML evidence: h1=""Emergency plumbing help in Southlake"", schemas=Organization|WebPage|BreadcrumbList|FAQPage, faqCount=8, links=54, form=yes, callEvent=yes, tel=no; placeholder phone routes CTA to /contact. Search Console data: NOT AVAILABLE IN REPOSITORY."
"/cities/the-colony","High-priority city page","Local provider request","8","8","8","9","7","9","8","10","8","10","8","8","7","8","9","125","Medium","Medium","Template local copy is truthful but would benefit from owner-verified local proof later.","Defer broad local proof additions until owner supplies verified details.","no","Built HTML evidence: h1=""Emergency plumbing help in The Colony"", schemas=Organization|WebPage|BreadcrumbList|FAQPage, faqCount=8, links=54, form=yes, callEvent=yes, tel=no; placeholder phone routes CTA to /contact. Search Console data: NOT AVAILABLE IN REPOSITORY."
"/cities/wylie","High-priority city page","Local provider request","8","8","8","9","7","9","8","10","8","10","8","8","7","8","9","125","Medium","Medium","Template local copy is truthful but would benefit from owner-verified local proof later.","Defer broad local proof additions until owner supplies verified details.","no","Built HTML evidence: h1=""Emergency plumbing help in Wylie"", schemas=Organization|WebPage|BreadcrumbList|FAQPage, faqCount=8, links=54, form=yes, callEvent=yes, tel=no; placeholder phone routes CTA to /contact. Search Console data: NOT AVAILABLE IN REPOSITORY."
"/cities/arlington/24-hour-emergency-plumber","Service-plus-city page","Local service provider request","8","8","7","9","7","9","8","10","8","10","8","8","7","8","9","124","Medium","Medium","Template local copy is truthful but would benefit from owner-verified local proof later.","Defer broad local proof additions until owner supplies verified details.","no","Built HTML evidence: h1=""24-hour emergency plumber in Arlington , TX"", schemas=Organization|WebPage|Service|BreadcrumbList|FAQPage, faqCount=8, links=40, form=yes, callEvent=yes, tel=no; placeholder phone routes CTA to /contact. Search Console data: NOT AVAILABLE IN REPOSITORY."
"/cities/arlington/emergency-drain-cleaning","Service-plus-city page","Local service provider request","8","8","7","9","7","9","8","10","8","10","8","8","7","8","9","124","Medium","Medium","Template local copy is truthful but would benefit from owner-verified local proof later.","Defer broad local proof additions until owner supplies verified details.","no","Built HTML evidence: h1=""emergency drain cleaning in Arlington , TX"", schemas=Organization|WebPage|Service|BreadcrumbList|FAQPage, faqCount=8, links=40, form=yes, callEvent=yes, tel=no; placeholder phone routes CTA to /contact. Search Console data: NOT AVAILABLE IN REPOSITORY."
"/cities/dallas/24-hour-emergency-plumber","Service-plus-city page","Local service provider request","8","8","7","9","7","9","8","10","8","10","8","8","7","8","9","124","Medium","Medium","Template local copy is truthful but would benefit from owner-verified local proof later.","Defer broad local proof additions until owner supplies verified details.","no","Built HTML evidence: h1=""24-hour emergency plumber in Dallas , TX"", schemas=Organization|WebPage|Service|BreadcrumbList|FAQPage, faqCount=8, links=40, form=yes, callEvent=yes, tel=no; placeholder phone routes CTA to /contact. Search Console data: NOT AVAILABLE IN REPOSITORY."
"/cities/dallas/emergency-drain-cleaning","Service-plus-city page","Local service provider request","8","8","10","9","9","9","8","10","8","10","8","8","8","9","9","131","High","High","High-value page had useful basics but needed deeper decision support, E-E-A-T, FAQs, and related-resource routing.","Selected and upgraded in Day 2 Session 1.","yes","Built HTML evidence: h1=""emergency drain cleaning in Dallas , TX"", schemas=Organization|WebPage|Service|BreadcrumbList|FAQPage, faqCount=8, links=40, form=yes, callEvent=yes, tel=no; placeholder phone routes CTA to /contact. Search Console data: NOT AVAILABLE IN REPOSITORY."
"/cities/fort-worth/24-hour-emergency-plumber","Service-plus-city page","Local service provider request","8","8","7","9","7","9","8","10","8","10","8","8","7","8","9","124","Medium","Medium","Template local copy is truthful but would benefit from owner-verified local proof later.","Defer broad local proof additions until owner supplies verified details.","no","Built HTML evidence: h1=""24-hour emergency plumber in Fort Worth , TX"", schemas=Organization|WebPage|Service|BreadcrumbList|FAQPage, faqCount=8, links=40, form=yes, callEvent=yes, tel=no; placeholder phone routes CTA to /contact. Search Console data: NOT AVAILABLE IN REPOSITORY."
"/cities/fort-worth/emergency-drain-cleaning","Service-plus-city page","Local service provider request","8","8","7","9","7","9","8","10","8","10","8","8","7","8","9","124","Medium","Medium","Template local copy is truthful but would benefit from owner-verified local proof later.","Defer broad local proof additions until owner supplies verified details.","no","Built HTML evidence: h1=""emergency drain cleaning in Fort Worth , TX"", schemas=Organization|WebPage|Service|BreadcrumbList|FAQPage, faqCount=8, links=40, form=yes, callEvent=yes, tel=no; placeholder phone routes CTA to /contact. Search Console data: NOT AVAILABLE IN REPOSITORY."
"/cities/frisco/24-hour-emergency-plumber","Service-plus-city page","Local service provider request","8","8","7","9","7","9","8","10","8","10","8","8","7","8","9","124","Medium","Medium","Template local copy is truthful but would benefit from owner-verified local proof later.","Defer broad local proof additions until owner supplies verified details.","no","Built HTML evidence: h1=""24-hour emergency plumber in Frisco , TX"", schemas=Organization|WebPage|Service|BreadcrumbList|FAQPage, faqCount=8, links=40, form=yes, callEvent=yes, tel=no; placeholder phone routes CTA to /contact. Search Console data: NOT AVAILABLE IN REPOSITORY."
"/cities/frisco/emergency-drain-cleaning","Service-plus-city page","Local service provider request","8","8","7","9","7","9","8","10","8","10","8","8","7","8","9","124","Medium","Medium","Template local copy is truthful but would benefit from owner-verified local proof later.","Defer broad local proof additions until owner supplies verified details.","no","Built HTML evidence: h1=""emergency drain cleaning in Frisco , TX"", schemas=Organization|WebPage|Service|BreadcrumbList|FAQPage, faqCount=8, links=40, form=yes, callEvent=yes, tel=no; placeholder phone routes CTA to /contact. Search Console data: NOT AVAILABLE IN REPOSITORY."
"/cities/garland/24-hour-emergency-plumber","Service-plus-city page","Local service provider request","8","8","7","9","7","9","8","10","8","10","8","8","7","8","9","124","Medium","Medium","Template local copy is truthful but would benefit from owner-verified local proof later.","Defer broad local proof additions until owner supplies verified details.","no","Built HTML evidence: h1=""24-hour emergency plumber in Garland , TX"", schemas=Organization|WebPage|Service|BreadcrumbList|FAQPage, faqCount=8, links=40, form=yes, callEvent=yes, tel=no; placeholder phone routes CTA to /contact. Search Console data: NOT AVAILABLE IN REPOSITORY."
"/cities/garland/emergency-drain-cleaning","Service-plus-city page","Local service provider request","8","8","7","9","7","9","8","10","8","10","8","8","7","8","9","124","Medium","Medium","Template local copy is truthful but would benefit from owner-verified local proof later.","Defer broad local proof additions until owner supplies verified details.","no","Built HTML evidence: h1=""emergency drain cleaning in Garland , TX"", schemas=Organization|WebPage|Service|BreadcrumbList|FAQPage, faqCount=8, links=40, form=yes, callEvent=yes, tel=no; placeholder phone routes CTA to /contact. Search Console data: NOT AVAILABLE IN REPOSITORY."
"/cities/irving/24-hour-emergency-plumber","Service-plus-city page","Local service provider request","8","8","7","9","7","9","8","10","8","10","8","8","7","8","9","124","Medium","Medium","Template local copy is truthful but would benefit from owner-verified local proof later.","Defer broad local proof additions until owner supplies verified details.","no","Built HTML evidence: h1=""24-hour emergency plumber in Irving , TX"", schemas=Organization|WebPage|Service|BreadcrumbList|FAQPage, faqCount=8, links=40, form=yes, callEvent=yes, tel=no; placeholder phone routes CTA to /contact. Search Console data: NOT AVAILABLE IN REPOSITORY."
"/cities/irving/emergency-drain-cleaning","Service-plus-city page","Local service provider request","8","8","7","9","7","9","8","10","8","10","8","8","7","8","9","124","Medium","Medium","Template local copy is truthful but would benefit from owner-verified local proof later.","Defer broad local proof additions until owner supplies verified details.","no","Built HTML evidence: h1=""emergency drain cleaning in Irving , TX"", schemas=Organization|WebPage|Service|BreadcrumbList|FAQPage, faqCount=8, links=40, form=yes, callEvent=yes, tel=no; placeholder phone routes CTA to /contact. Search Console data: NOT AVAILABLE IN REPOSITORY."
"/cities/mckinney/24-hour-emergency-plumber","Service-plus-city page","Local service provider request","8","8","7","9","7","9","8","10","8","10","8","8","7","8","9","124","Medium","Medium","Template local copy is truthful but would benefit from owner-verified local proof later.","Defer broad local proof additions until owner supplies verified details.","no","Built HTML evidence: h1=""24-hour emergency plumber in McKinney , TX"", schemas=Organization|WebPage|Service|BreadcrumbList|FAQPage, faqCount=8, links=40, form=yes, callEvent=yes, tel=no; placeholder phone routes CTA to /contact. Search Console data: NOT AVAILABLE IN REPOSITORY."
"/cities/mckinney/emergency-drain-cleaning","Service-plus-city page","Local service provider request","8","8","7","9","7","9","8","10","8","10","8","8","7","8","9","124","Medium","Medium","Template local copy is truthful but would benefit from owner-verified local proof later.","Defer broad local proof additions until owner supplies verified details.","no","Built HTML evidence: h1=""emergency drain cleaning in McKinney , TX"", schemas=Organization|WebPage|Service|BreadcrumbList|FAQPage, faqCount=8, links=40, form=yes, callEvent=yes, tel=no; placeholder phone routes CTA to /contact. Search Console data: NOT AVAILABLE IN REPOSITORY."
"/cities/plano/24-hour-emergency-plumber","Service-plus-city page","Local service provider request","8","8","7","9","7","9","8","10","8","10","8","8","7","8","9","124","Medium","Medium","Template local copy is truthful but would benefit from owner-verified local proof later.","Defer broad local proof additions until owner supplies verified details.","no","Built HTML evidence: h1=""24-hour emergency plumber in Plano , TX"", schemas=Organization|WebPage|Service|BreadcrumbList|FAQPage, faqCount=8, links=40, form=yes, callEvent=yes, tel=no; placeholder phone routes CTA to /contact. Search Console data: NOT AVAILABLE IN REPOSITORY."
"/cities/plano/emergency-drain-cleaning","Service-plus-city page","Local service provider request","8","8","7","9","7","9","8","10","8","10","8","8","7","8","9","124","Medium","Medium","Template local copy is truthful but would benefit from owner-verified local proof later.","Defer broad local proof additions until owner supplies verified details.","no","Built HTML evidence: h1=""emergency drain cleaning in Plano , TX"", schemas=Organization|WebPage|Service|BreadcrumbList|FAQPage, faqCount=8, links=40, form=yes, callEvent=yes, tel=no; placeholder phone routes CTA to /contact. Search Console data: NOT AVAILABLE IN REPOSITORY."
"/contact","Contact or conversion landing page","Service request conversion","9","8","6","9","8","7","8","8","8","10","8","8","8","8","9","122","High, owner configuration dependent","Medium-high","Lead storage remains placeholder-only until owner approves CRM, webhook, or email handling.","Preserve current page and revisit after conversion tracking and owner configuration.","no","Built HTML evidence: h1=""Request urgent plumbing help"", schemas=Organization|WebPage|BreadcrumbList, faqCount=0, links=29, form=yes, callEvent=yes, tel=no; placeholder phone routes CTA to /contact. Search Console data: NOT AVAILABLE IN REPOSITORY."
