"source_url","target_url","anchor","reason"
"/services/24-hour-emergency-plumber","/cities/dallas/24-hour-emergency-plumber","24-hour emergency plumber in Dallas","service to city-service"
"/services/24-hour-emergency-plumber","/cities/fort-worth/24-hour-emergency-plumber","24-hour emergency plumber in Fort Worth","service to city-service"
"/services/24-hour-emergency-plumber","/cities/arlington/24-hour-emergency-plumber","24-hour emergency plumber in Arlington","service to city-service"
"/services/24-hour-emergency-plumber","/cities/plano/24-hour-emergency-plumber","24-hour emergency plumber in Plano","service to city-service"
"/services/24-hour-emergency-plumber","/cities/irving/24-hour-emergency-plumber","24-hour emergency plumber in Irving","service to city-service"
"/services/24-hour-emergency-plumber","/cities/garland/24-hour-emergency-plumber","24-hour emergency plumber in Garland","service to city-service"
"/services/emergency-drain-cleaning","/cities/dallas/emergency-drain-cleaning","emergency drain cleaning in Dallas","service to city-service"
"/services/emergency-drain-cleaning","/cities/fort-worth/emergency-drain-cleaning","emergency drain cleaning in Fort Worth","service to city-service"
"/services/emergency-drain-cleaning","/cities/arlington/emergency-drain-cleaning","emergency drain cleaning in Arlington","service to city-service"
"/services/emergency-drain-cleaning","/cities/plano/emergency-drain-cleaning","emergency drain cleaning in Plano","service to city-service"
"/services/emergency-drain-cleaning","/cities/irving/emergency-drain-cleaning","emergency drain cleaning in Irving","service to city-service"
"/services/emergency-drain-cleaning","/cities/garland/emergency-drain-cleaning","emergency drain cleaning in Garland","service to city-service"
"/services/main-sewer-line-clog","/cities/dallas/main-sewer-line-clog","main sewer line clog in Dallas","service to city-service"
"/services/main-sewer-line-clog","/cities/fort-worth/main-sewer-line-clog","main sewer line clog in Fort Worth","service to city-service"
"/services/main-sewer-line-clog","/cities/arlington/main-sewer-line-clog","main sewer line clog in Arlington","service to city-service"
"/services/main-sewer-line-clog","/cities/plano/main-sewer-line-clog","main sewer line clog in Plano","service to city-service"
"/services/main-sewer-line-clog","/cities/irving/main-sewer-line-clog","main sewer line clog in Irving","service to city-service"
"/services/main-sewer-line-clog","/cities/garland/main-sewer-line-clog","main sewer line clog in Garland","service to city-service"
"/services/toilet-overflow-emergency","/cities/dallas/toilet-overflow-emergency","toilet overflow emergency in Dallas","service to city-service"
"/services/toilet-overflow-emergency","/cities/fort-worth/toilet-overflow-emergency","toilet overflow emergency in Fort Worth","service to city-service"
"/services/toilet-overflow-emergency","/cities/arlington/toilet-overflow-emergency","toilet overflow emergency in Arlington","service to city-service"
"/services/toilet-overflow-emergency","/cities/plano/toilet-overflow-emergency","toilet overflow emergency in Plano","service to city-service"
"/services/toilet-overflow-emergency","/cities/irving/toilet-overflow-emergency","toilet overflow emergency in Irving","service to city-service"
"/services/toilet-overflow-emergency","/cities/garland/toilet-overflow-emergency","toilet overflow emergency in Garland","service to city-service"
"/services/burst-pipe-emergency","/cities/dallas/burst-pipe-emergency","burst pipe emergency in Dallas","service to city-service"
"/services/burst-pipe-emergency","/cities/fort-worth/burst-pipe-emergency","burst pipe emergency in Fort Worth","service to city-service"
"/services/burst-pipe-emergency","/cities/arlington/burst-pipe-emergency","burst pipe emergency in Arlington","service to city-service"
"/services/burst-pipe-emergency","/cities/plano/burst-pipe-emergency","burst pipe emergency in Plano","service to city-service"
"/services/burst-pipe-emergency","/cities/irving/burst-pipe-emergency","burst pipe emergency in Irving","service to city-service"
"/services/burst-pipe-emergency","/cities/garland/burst-pipe-emergency","burst pipe emergency in Garland","service to city-service"
"/services/water-heater-emergency","/cities/dallas/water-heater-emergency","water heater emergency in Dallas","service to city-service"
"/services/water-heater-emergency","/cities/fort-worth/water-heater-emergency","water heater emergency in Fort Worth","service to city-service"
"/services/water-heater-emergency","/cities/arlington/water-heater-emergency","water heater emergency in Arlington","service to city-service"
"/services/water-heater-emergency","/cities/plano/water-heater-emergency","water heater emergency in Plano","service to city-service"
"/services/water-heater-emergency","/cities/irving/water-heater-emergency","water heater emergency in Irving","service to city-service"
"/services/water-heater-emergency","/cities/garland/water-heater-emergency","water heater emergency in Garland","service to city-service"
"/services/sewer-backup-help","/cities/dallas/sewer-backup-help","sewer backup help in Dallas","service to city-service"
"/services/sewer-backup-help","/cities/fort-worth/sewer-backup-help","sewer backup help in Fort Worth","service to city-service"
"/services/sewer-backup-help","/cities/arlington/sewer-backup-help","sewer backup help in Arlington","service to city-service"
"/services/sewer-backup-help","/cities/plano/sewer-backup-help","sewer backup help in Plano","service to city-service"
"/services/sewer-backup-help","/cities/irving/sewer-backup-help","sewer backup help in Irving","service to city-service"
"/services/sewer-backup-help","/cities/garland/sewer-backup-help","sewer backup help in Garland","service to city-service"
"/services/commercial-emergency-plumbing","/cities/dallas/commercial-emergency-plumbing","commercial emergency plumbing in Dallas","service to city-service"
"/services/commercial-emergency-plumbing","/cities/fort-worth/commercial-emergency-plumbing","commercial emergency plumbing in Fort Worth","service to city-service"
"/services/commercial-emergency-plumbing","/cities/arlington/commercial-emergency-plumbing","commercial emergency plumbing in Arlington","service to city-service"
"/services/commercial-emergency-plumbing","/cities/plano/commercial-emergency-plumbing","commercial emergency plumbing in Plano","service to city-service"
"/services/commercial-emergency-plumbing","/cities/irving/commercial-emergency-plumbing","commercial emergency plumbing in Irving","service to city-service"
"/services/commercial-emergency-plumbing","/cities/garland/commercial-emergency-plumbing","commercial emergency plumbing in Garland","service to city-service"
"/services/same-day-plumber-connection","/cities/dallas/same-day-plumber-connection","same-day plumber connection in Dallas","service to city-service"
"/services/same-day-plumber-connection","/cities/fort-worth/same-day-plumber-connection","same-day plumber connection in Fort Worth","service to city-service"
"/services/same-day-plumber-connection","/cities/arlington/same-day-plumber-connection","same-day plumber connection in Arlington","service to city-service"
"/services/same-day-plumber-connection","/cities/plano/same-day-plumber-connection","same-day plumber connection in Plano","service to city-service"
"/services/same-day-plumber-connection","/cities/irving/same-day-plumber-connection","same-day plumber connection in Irving","service to city-service"
"/services/same-day-plumber-connection","/cities/garland/same-day-plumber-connection","same-day plumber connection in Garland","service to city-service"
"/services/sink-and-shower-drain-backup","/cities/dallas/sink-and-shower-drain-backup","sink and shower drain backup in Dallas","service to city-service"
"/services/sink-and-shower-drain-backup","/cities/fort-worth/sink-and-shower-drain-backup","sink and shower drain backup in Fort Worth","service to city-service"
"/services/sink-and-shower-drain-backup","/cities/arlington/sink-and-shower-drain-backup","sink and shower drain backup in Arlington","service to city-service"
"/services/sink-and-shower-drain-backup","/cities/plano/sink-and-shower-drain-backup","sink and shower drain backup in Plano","service to city-service"
"/services/sink-and-shower-drain-backup","/cities/irving/sink-and-shower-drain-backup","sink and shower drain backup in Irving","service to city-service"
"/services/sink-and-shower-drain-backup","/cities/garland/sink-and-shower-drain-backup","sink and shower drain backup in Garland","service to city-service"
"/cities/dallas","/cities/dallas/24-hour-emergency-plumber","24-hour emergency plumber in Dallas","city to city-service"
"/cities/dallas","/cities/dallas/emergency-drain-cleaning","emergency drain cleaning in Dallas","city to city-service"
"/cities/dallas","/cities/dallas/main-sewer-line-clog","main sewer line clog in Dallas","city to city-service"
"/cities/dallas","/cities/dallas/toilet-overflow-emergency","toilet overflow emergency in Dallas","city to city-service"
"/cities/dallas","/cities/dallas/burst-pipe-emergency","burst pipe emergency in Dallas","city to city-service"
"/cities/dallas","/cities/dallas/water-heater-emergency","water heater emergency in Dallas","city to city-service"
"/cities/fort-worth","/cities/fort-worth/24-hour-emergency-plumber","24-hour emergency plumber in Fort Worth","city to city-service"
"/cities/fort-worth","/cities/fort-worth/emergency-drain-cleaning","emergency drain cleaning in Fort Worth","city to city-service"
"/cities/fort-worth","/cities/fort-worth/main-sewer-line-clog","main sewer line clog in Fort Worth","city to city-service"
"/cities/fort-worth","/cities/fort-worth/toilet-overflow-emergency","toilet overflow emergency in Fort Worth","city to city-service"
"/cities/fort-worth","/cities/fort-worth/burst-pipe-emergency","burst pipe emergency in Fort Worth","city to city-service"
"/cities/fort-worth","/cities/fort-worth/water-heater-emergency","water heater emergency in Fort Worth","city to city-service"
"/cities/arlington","/cities/arlington/24-hour-emergency-plumber","24-hour emergency plumber in Arlington","city to city-service"
"/cities/arlington","/cities/arlington/emergency-drain-cleaning","emergency drain cleaning in Arlington","city to city-service"
"/cities/arlington","/cities/arlington/main-sewer-line-clog","main sewer line clog in Arlington","city to city-service"
"/cities/arlington","/cities/arlington/toilet-overflow-emergency","toilet overflow emergency in Arlington","city to city-service"
"/cities/arlington","/cities/arlington/burst-pipe-emergency","burst pipe emergency in Arlington","city to city-service"
"/cities/arlington","/cities/arlington/water-heater-emergency","water heater emergency in Arlington","city to city-service"
"/cities/plano","/cities/plano/24-hour-emergency-plumber","24-hour emergency plumber in Plano","city to city-service"
"/cities/plano","/cities/plano/emergency-drain-cleaning","emergency drain cleaning in Plano","city to city-service"
"/cities/plano","/cities/plano/main-sewer-line-clog","main sewer line clog in Plano","city to city-service"
"/cities/plano","/cities/plano/toilet-overflow-emergency","toilet overflow emergency in Plano","city to city-service"
"/cities/plano","/cities/plano/burst-pipe-emergency","burst pipe emergency in Plano","city to city-service"
"/cities/plano","/cities/plano/water-heater-emergency","water heater emergency in Plano","city to city-service"
"/cities/irving","/cities/irving/24-hour-emergency-plumber","24-hour emergency plumber in Irving","city to city-service"
"/cities/irving","/cities/irving/emergency-drain-cleaning","emergency drain cleaning in Irving","city to city-service"
"/cities/irving","/cities/irving/main-sewer-line-clog","main sewer line clog in Irving","city to city-service"
"/cities/irving","/cities/irving/toilet-overflow-emergency","toilet overflow emergency in Irving","city to city-service"
"/cities/irving","/cities/irving/burst-pipe-emergency","burst pipe emergency in Irving","city to city-service"
"/cities/irving","/cities/irving/water-heater-emergency","water heater emergency in Irving","city to city-service"
"/cities/garland","/cities/garland/24-hour-emergency-plumber","24-hour emergency plumber in Garland","city to city-service"
"/cities/garland","/cities/garland/emergency-drain-cleaning","emergency drain cleaning in Garland","city to city-service"
"/cities/garland","/cities/garland/main-sewer-line-clog","main sewer line clog in Garland","city to city-service"
"/cities/garland","/cities/garland/toilet-overflow-emergency","toilet overflow emergency in Garland","city to city-service"
"/cities/garland","/cities/garland/burst-pipe-emergency","burst pipe emergency in Garland","city to city-service"
"/cities/garland","/cities/garland/water-heater-emergency","water heater emergency in Garland","city to city-service"
"/cities/frisco","/cities/frisco/24-hour-emergency-plumber","24-hour emergency plumber in Frisco","city to city-service"
"/cities/frisco","/cities/frisco/emergency-drain-cleaning","emergency drain cleaning in Frisco","city to city-service"
"/cities/frisco","/cities/frisco/main-sewer-line-clog","main sewer line clog in Frisco","city to city-service"
"/cities/frisco","/cities/frisco/toilet-overflow-emergency","toilet overflow emergency in Frisco","city to city-service"
"/cities/frisco","/cities/frisco/burst-pipe-emergency","burst pipe emergency in Frisco","city to city-service"
"/cities/frisco","/cities/frisco/water-heater-emergency","water heater emergency in Frisco","city to city-service"
"/cities/mckinney","/cities/mckinney/24-hour-emergency-plumber","24-hour emergency plumber in McKinney","city to city-service"
"/cities/mckinney","/cities/mckinney/emergency-drain-cleaning","emergency drain cleaning in McKinney","city to city-service"
"/cities/mckinney","/cities/mckinney/main-sewer-line-clog","main sewer line clog in McKinney","city to city-service"
"/cities/mckinney","/cities/mckinney/toilet-overflow-emergency","toilet overflow emergency in McKinney","city to city-service"
"/cities/mckinney","/cities/mckinney/burst-pipe-emergency","burst pipe emergency in McKinney","city to city-service"
"/cities/mckinney","/cities/mckinney/water-heater-emergency","water heater emergency in McKinney","city to city-service"
"/cities/carrollton","/cities/carrollton/24-hour-emergency-plumber","24-hour emergency plumber in Carrollton","city to city-service"
"/cities/carrollton","/cities/carrollton/emergency-drain-cleaning","emergency drain cleaning in Carrollton","city to city-service"
"/cities/carrollton","/cities/carrollton/main-sewer-line-clog","main sewer line clog in Carrollton","city to city-service"
"/cities/carrollton","/cities/carrollton/toilet-overflow-emergency","toilet overflow emergency in Carrollton","city to city-service"
"/cities/carrollton","/cities/carrollton/burst-pipe-emergency","burst pipe emergency in Carrollton","city to city-service"
"/cities/carrollton","/cities/carrollton/water-heater-emergency","water heater emergency in Carrollton","city to city-service"
"/cities/denton","/cities/denton/24-hour-emergency-plumber","24-hour emergency plumber in Denton","city to city-service"
"/cities/denton","/cities/denton/emergency-drain-cleaning","emergency drain cleaning in Denton","city to city-service"
"/cities/denton","/cities/denton/main-sewer-line-clog","main sewer line clog in Denton","city to city-service"
"/cities/denton","/cities/denton/toilet-overflow-emergency","toilet overflow emergency in Denton","city to city-service"
"/cities/denton","/cities/denton/burst-pipe-emergency","burst pipe emergency in Denton","city to city-service"
"/cities/denton","/cities/denton/water-heater-emergency","water heater emergency in Denton","city to city-service"
"/cities/richardson","/cities/richardson/24-hour-emergency-plumber","24-hour emergency plumber in Richardson","city to city-service"
"/cities/richardson","/cities/richardson/emergency-drain-cleaning","emergency drain cleaning in Richardson","city to city-service"
"/cities/richardson","/cities/richardson/main-sewer-line-clog","main sewer line clog in Richardson","city to city-service"
"/cities/richardson","/cities/richardson/toilet-overflow-emergency","toilet overflow emergency in Richardson","city to city-service"
"/cities/richardson","/cities/richardson/burst-pipe-emergency","burst pipe emergency in Richardson","city to city-service"
"/cities/richardson","/cities/richardson/water-heater-emergency","water heater emergency in Richardson","city to city-service"
"/cities/mesquite","/cities/mesquite/24-hour-emergency-plumber","24-hour emergency plumber in Mesquite","city to city-service"
"/cities/mesquite","/cities/mesquite/emergency-drain-cleaning","emergency drain cleaning in Mesquite","city to city-service"
"/cities/mesquite","/cities/mesquite/main-sewer-line-clog","main sewer line clog in Mesquite","city to city-service"
"/cities/mesquite","/cities/mesquite/toilet-overflow-emergency","toilet overflow emergency in Mesquite","city to city-service"
"/cities/mesquite","/cities/mesquite/burst-pipe-emergency","burst pipe emergency in Mesquite","city to city-service"
"/cities/mesquite","/cities/mesquite/water-heater-emergency","water heater emergency in Mesquite","city to city-service"
"/cities/grand-prairie","/cities/grand-prairie/24-hour-emergency-plumber","24-hour emergency plumber in Grand Prairie","city to city-service"
"/cities/grand-prairie","/cities/grand-prairie/emergency-drain-cleaning","emergency drain cleaning in Grand Prairie","city to city-service"
"/cities/grand-prairie","/cities/grand-prairie/main-sewer-line-clog","main sewer line clog in Grand Prairie","city to city-service"
"/cities/grand-prairie","/cities/grand-prairie/toilet-overflow-emergency","toilet overflow emergency in Grand Prairie","city to city-service"
"/cities/grand-prairie","/cities/grand-prairie/burst-pipe-emergency","burst pipe emergency in Grand Prairie","city to city-service"
"/cities/grand-prairie","/cities/grand-prairie/water-heater-emergency","water heater emergency in Grand Prairie","city to city-service"
"/cities/lewisville","/cities/lewisville/24-hour-emergency-plumber","24-hour emergency plumber in Lewisville","city to city-service"
"/cities/lewisville","/cities/lewisville/emergency-drain-cleaning","emergency drain cleaning in Lewisville","city to city-service"
"/cities/lewisville","/cities/lewisville/main-sewer-line-clog","main sewer line clog in Lewisville","city to city-service"
"/cities/lewisville","/cities/lewisville/toilet-overflow-emergency","toilet overflow emergency in Lewisville","city to city-service"
"/cities/lewisville","/cities/lewisville/burst-pipe-emergency","burst pipe emergency in Lewisville","city to city-service"
"/cities/lewisville","/cities/lewisville/water-heater-emergency","water heater emergency in Lewisville","city to city-service"
"/cities/allen","/cities/allen/24-hour-emergency-plumber","24-hour emergency plumber in Allen","city to city-service"
"/cities/allen","/cities/allen/emergency-drain-cleaning","emergency drain cleaning in Allen","city to city-service"
"/cities/allen","/cities/allen/main-sewer-line-clog","main sewer line clog in Allen","city to city-service"
"/cities/allen","/cities/allen/toilet-overflow-emergency","toilet overflow emergency in Allen","city to city-service"
"/cities/allen","/cities/allen/burst-pipe-emergency","burst pipe emergency in Allen","city to city-service"
"/cities/allen","/cities/allen/water-heater-emergency","water heater emergency in Allen","city to city-service"
"/cities/grapevine","/cities/grapevine/24-hour-emergency-plumber","24-hour emergency plumber in Grapevine","city to city-service"
"/cities/grapevine","/cities/grapevine/emergency-drain-cleaning","emergency drain cleaning in Grapevine","city to city-service"
"/cities/grapevine","/cities/grapevine/main-sewer-line-clog","main sewer line clog in Grapevine","city to city-service"
"/cities/grapevine","/cities/grapevine/toilet-overflow-emergency","toilet overflow emergency in Grapevine","city to city-service"
"/cities/grapevine","/cities/grapevine/burst-pipe-emergency","burst pipe emergency in Grapevine","city to city-service"
"/cities/grapevine","/cities/grapevine/water-heater-emergency","water heater emergency in Grapevine","city to city-service"
