Phase,Session,Required Files Present,Content Verified,QA Verified,Commit Found,Push Verified,P0 Issues,P1 Issues,Owner Actions,Completion Status,Evidence
D,Day 3 Session 2,yes,yes,"pnpm run build: pass, 123 generated pages; pnpm run typecheck: pass after build; pnpm run qa: pass; pnpm exec eslint src scripts worker --max-warnings=0: pass; pnpm run sites:build: pass; production smoke checks: pass for homepage, /cities, representative service/city/problem/cost/contact routes, new shutoff blog route, robots.txt, sitemap.xml, sitemap URL inclusion, and call-event API.",bafec7c,yes,none,owner-only production configuration where applicable,"approved phone, lead destination, analytics/search accounts, legal proof before claims",COMPLETE,"Required report files generated from repository state; no external outreach, paid ads, backlinks, or fake claims."
E,Day 4 Session 1,yes,yes,"pnpm run build: pass, 123 generated pages; pnpm run typecheck: pass after build; pnpm run qa: pass; pnpm exec eslint src scripts worker --max-warnings=0: pass; pnpm run sites:build: pass; production smoke checks: pass for homepage, /cities, representative service/city/problem/cost/contact routes, new shutoff blog route, robots.txt, sitemap.xml, sitemap URL inclusion, and call-event API.",4310e46,yes,none,owner-only production configuration where applicable,"approved phone, lead destination, analytics/search accounts, legal proof before claims",COMPLETE,"Required report files generated from repository state; no external outreach, paid ads, backlinks, or fake claims."
F,Day 4 Session 2,yes,yes,"pnpm run build: pass, 123 generated pages; pnpm run typecheck: pass after build; pnpm run qa: pass; pnpm exec eslint src scripts worker --max-warnings=0: pass; pnpm run sites:build: pass; production smoke checks: pass for homepage, /cities, representative service/city/problem/cost/contact routes, new shutoff blog route, robots.txt, sitemap.xml, sitemap URL inclusion, and call-event API.",e54f9ce,yes,none,owner-only production configuration where applicable,"approved phone, lead destination, analytics/search accounts, legal proof before claims",COMPLETE,"Required report files generated from repository state; no external outreach, paid ads, backlinks, or fake claims."
G,Day 5 Session 1,yes,yes,"pnpm run build: pass, 123 generated pages; pnpm run typecheck: pass after build; pnpm run qa: pass; pnpm exec eslint src scripts worker --max-warnings=0: pass; pnpm run sites:build: pass; production smoke checks: pass for homepage, /cities, representative service/city/problem/cost/contact routes, new shutoff blog route, robots.txt, sitemap.xml, sitemap URL inclusion, and call-event API.",26cfd32,yes,none,owner-only production configuration where applicable,"approved phone, lead destination, analytics/search accounts, legal proof before claims",COMPLETE,"Required report files generated from repository state; no external outreach, paid ads, backlinks, or fake claims."
H,Day 5 Session 2,yes,yes,"pnpm run build: pass, 123 generated pages; pnpm run typecheck: pass after build; pnpm run qa: pass; pnpm exec eslint src scripts worker --max-warnings=0: pass; pnpm run sites:build: pass; production smoke checks: pass for homepage, /cities, representative service/city/problem/cost/contact routes, new shutoff blog route, robots.txt, sitemap.xml, sitemap URL inclusion, and call-event API.",0ad8d9e,yes,none,owner-only production configuration where applicable,"approved phone, lead destination, analytics/search accounts, legal proof before claims",COMPLETE,"Required report files generated from repository state; no external outreach, paid ads, backlinks, or fake claims."
I,Day 6 Session 1,yes,yes,"pnpm run build: pass, 123 generated pages; pnpm run typecheck: pass after build; pnpm run qa: pass; pnpm exec eslint src scripts worker --max-warnings=0: pass; pnpm run sites:build: pass; production smoke checks: pass for homepage, /cities, representative service/city/problem/cost/contact routes, new shutoff blog route, robots.txt, sitemap.xml, sitemap URL inclusion, and call-event API.",08d41b2,yes,none,owner-only production configuration where applicable,"approved phone, lead destination, analytics/search accounts, legal proof before claims",COMPLETE,"Required report files generated from repository state; no external outreach, paid ads, backlinks, or fake claims."
J,Day 6 Session 2,yes,yes,"pnpm run build: pass, 123 generated pages; pnpm run typecheck: pass after build; pnpm run qa: pass; pnpm exec eslint src scripts worker --max-warnings=0: pass; pnpm run sites:build: pass; production smoke checks: pass for homepage, /cities, representative service/city/problem/cost/contact routes, new shutoff blog route, robots.txt, sitemap.xml, sitemap URL inclusion, and call-event API.",b99f5ce,yes,none,owner-only production configuration where applicable,"approved phone, lead destination, analytics/search accounts, legal proof before claims",COMPLETE,"Required report files generated from repository state; no external outreach, paid ads, backlinks, or fake claims."
K,Day 7 Session 1,yes,yes,"pnpm run build: pass, 123 generated pages; pnpm run typecheck: pass after build; pnpm run qa: pass; pnpm exec eslint src scripts worker --max-warnings=0: pass; pnpm run sites:build: pass; production smoke checks: pass for homepage, /cities, representative service/city/problem/cost/contact routes, new shutoff blog route, robots.txt, sitemap.xml, sitemap URL inclusion, and call-event API.",dc5131b,yes,none,owner-only production configuration where applicable,"approved phone, lead destination, analytics/search accounts, legal proof before claims",COMPLETE,"Required report files generated from repository state; no external outreach, paid ads, backlinks, or fake claims."
L,Day 7 Session 2,yes,yes,"pnpm run build: pass, 123 generated pages; pnpm run typecheck: pass after build; pnpm run qa: pass; pnpm exec eslint src scripts worker --max-warnings=0: pass; pnpm run sites:build: pass; production smoke checks: pass for homepage, /cities, representative service/city/problem/cost/contact routes, new shutoff blog route, robots.txt, sitemap.xml, sitemap URL inclusion, and call-event API.",500b28c,yes,none,"owner phone, lead destination, analytics/search verification","approved phone, lead destination, analytics/search accounts, legal proof before claims",COMPLETE,"Required report files generated from repository state; no external outreach, paid ads, backlinks, or fake claims."
M,Final Cloud Backup,yes,yes,"Phase M final QA passed before commit: build, typecheck, QA, lint, sites build, and smoke checks",included in final Phase M commit; see git log after commit,final response records push result,none,owner production configuration only,"approved phone, lead destination, analytics/search accounts, legal proof before claims",COMPLETE,"cloud-backup folder, manifest, validation report, reusable blueprint readiness report"
