"URL","page type","title","meta description","H1","canonical","robots status","schema types","word count","internal inlinks","internal outlinks","primary CTA","phone link presence","sitemap inclusion","indexability","last modified source","quality concerns"
"/","homepage","Emergency plumbing help across Dallas-Fort Worth | Plumbing Hands","Request urgent plumbing help across Dallas-Fort Worth for drain, sewer, pipe, toilet, and water-heater problems.","Emergency Plumbing Help Across Dallas-Fort Worth","https://plumbinghands.com","index/follow by default; robots.txt allows /","Organization|WebPage|BreadcrumbList|FAQPage","1256","111","37","Request Emergency Help","no active tel link; CTA falls back to /contact while phone placeholder remains","yes","indexable","2026-07-12T15:04:52.184Z","no live tel link until owner supplies phone; missing social image metadata"
"/blog/24-hour-plumber-in-plano-when-the-problem-cannot-wait","article","24-Hour Plumber in Plano: When the Problem Cannot Wait | Plumbing Hands | Plumbing Hands","Fast action starts with stopping water use where safe, identifying the affected fixture, and calling a local provider connection when the issue risks damage, contamination, or loss of essential plumbing.","24-Hour Plumber in Plano: When the Problem Cannot Wait","https://plumbinghands.com/blog/24-hour-plumber-in-plano-when-the-problem-cannot-wait","index/follow by default; robots.txt allows /","Organization|WebPage|BreadcrumbList|FAQPage","619","0","25","Request Emergency Help","no active tel link; CTA falls back to /contact while phone placeholder remains","yes","indexable","2026-07-12T15:04:52.184Z","duplicate brand in title; missing social image metadata; orphan page"
"/blog/bathtub-backing-up-when-toilet-flushes-what-causes-it","article","Bathtub Backing Up When Toilet Flushes: What Causes It | Plumbing Hands | Plumbing Hands","Fast action starts with stopping water use where safe, identifying the affected fixture, and calling a local provider connection when the issue risks damage, contamination, or loss of essential plumbing.","Bathtub Backing Up When Toilet Flushes: What Causes It","https://plumbinghands.com/blog/bathtub-backing-up-when-toilet-flushes-what-causes-it","index/follow by default; robots.txt allows /","Organization|WebPage|BreadcrumbList|FAQPage","623","0","25","Request Emergency Help","no active tel link; CTA falls back to /contact while phone placeholder remains","yes","indexable","2026-07-12T15:04:52.184Z","duplicate brand in title; missing social image metadata; orphan page"
"/blog/best-questions-to-ask-before-you-book-an-emergency-plumber","article","Best Questions to Ask Before You Book an Emergency Plumber | Plumbing Hands | Plumbing Hands","Fast action starts with stopping water use where safe, identifying the affected fixture, and calling a local provider connection when the issue risks damage, contamination, or loss of essential plumbing.","Best Questions to Ask Before You Book an Emergency Plumber","https://plumbinghands.com/blog/best-questions-to-ask-before-you-book-an-emergency-plumber","index/follow by default; robots.txt allows /","Organization|WebPage|BreadcrumbList|FAQPage","622","0","24","Request Emergency Help","no active tel link; CTA falls back to /contact while phone placeholder remains","yes","indexable","2026-07-12T15:04:52.184Z","duplicate brand in title; missing social image metadata; orphan page"
"/blog/burst-pipe-in-dallas-what-to-shut-off-first","article","Burst Pipe in Dallas: What to Shut Off First | Plumbing Hands | Plumbing Hands","Fast action starts with stopping water use where safe, identifying the affected fixture, and calling a local provider connection when the issue risks damage, contamination, or loss of essential plumbing.","Burst Pipe in Dallas: What to Shut Off First","https://plumbinghands.com/blog/burst-pipe-in-dallas-what-to-shut-off-first","index/follow by default; robots.txt allows /","Organization|WebPage|BreadcrumbList|FAQPage","621","0","24","Request Emergency Help","no active tel link; CTA falls back to /contact while phone placeholder remains","yes","indexable","2026-07-12T15:04:52.184Z","duplicate brand in title; missing social image metadata; orphan page"
"/blog/commercial-drain-backup-what-business-owners-should-do-first","article","Commercial Drain Backup: What Business Owners Should Do First | Plumbing Hands | Plumbing Hands","Fast action starts with stopping water use where safe, identifying the affected fixture, and calling a local provider connection when the issue risks damage, contamination, or loss of essential plumbing.","Commercial Drain Backup: What Business Owners Should Do First","https://plumbinghands.com/blog/commercial-drain-backup-what-business-owners-should-do-first","index/follow by default; robots.txt allows /","Organization|WebPage|BreadcrumbList|FAQPage","619","0","24","Request Emergency Help","no active tel link; CTA falls back to /contact while phone placeholder remains","yes","indexable","2026-07-12T15:04:52.184Z","duplicate brand in title; missing social image metadata; orphan page"
"/blog/dallas-hard-water-and-drain-problems-what-homeowners-should-know","article","Dallas Hard Water and Drain Problems: What Homeowners Should Know | Plumbing Hands | Plumbing Hands","Fast action starts with stopping water use where safe, identifying the affected fixture, and calling a local provider connection when the issue risks damage, contamination, or loss of essential plumbing.","Dallas Hard Water and Drain Problems: What Homeowners Should Know","https://plumbinghands.com/blog/dallas-hard-water-and-drain-problems-what-homeowners-should-know","index/follow by default; robots.txt allows /","Organization|WebPage|BreadcrumbList|FAQPage","622","0","24","Request Emergency Help","no active tel link; CTA falls back to /contact while phone placeholder remains","yes","indexable","2026-07-12T15:04:52.184Z","duplicate brand in title; missing social image metadata; orphan page"
"/blog/dallas-storms-and-sewer-backups-what-to-check-after-heavy-rain","article","Dallas Storms and Sewer Backups: What to Check After Heavy Rain | Plumbing Hands | Plumbing Hands","Fast action starts with stopping water use where safe, identifying the affected fixture, and calling a local provider connection when the issue risks damage, contamination, or loss of essential plumbing.","Dallas Storms and Sewer Backups: What to Check After Heavy Rain","https://plumbinghands.com/blog/dallas-storms-and-sewer-backups-what-to-check-after-heavy-rain","index/follow by default; robots.txt allows /","Organization|WebPage|BreadcrumbList|FAQPage","623","0","25","Request Emergency Help","no active tel link; CTA falls back to /contact while phone placeholder remains","yes","indexable","2026-07-12T15:04:52.184Z","duplicate brand in title; missing social image metadata; orphan page"
"/blog/drain-cleaning-cost-guide-for-dallas-homeowners","article","Drain Cleaning Cost Guide for Dallas Homeowners | Plumbing Hands | Plumbing Hands","Fast action starts with stopping water use where safe, identifying the affected fixture, and calling a local provider connection when the issue risks damage, contamination, or loss of essential plumbing.","Drain Cleaning Cost Guide for Dallas Homeowners","https://plumbinghands.com/blog/drain-cleaning-cost-guide-for-dallas-homeowners","index/follow by default; robots.txt allows /","Organization|WebPage|BreadcrumbList|FAQPage","613","0","24","Request Emergency Help","no active tel link; CTA falls back to /contact while phone placeholder remains","yes","indexable","2026-07-12T15:04:52.184Z","duplicate brand in title; missing social image metadata; orphan page"
"/blog/drain-smell-in-bathroom-sewer-gas-or-simple-clog","article","Drain Smell in Bathroom: Sewer Gas or Simple Clog | Plumbing Hands | Plumbing Hands","Fast action starts with stopping water use where safe, identifying the affected fixture, and calling a local provider connection when the issue risks damage, contamination, or loss of essential plumbing.","Drain Smell in Bathroom: Sewer Gas or Simple Clog","https://plumbinghands.com/blog/drain-smell-in-bathroom-sewer-gas-or-simple-clog","index/follow by default; robots.txt allows /","Organization|WebPage|BreadcrumbList|FAQPage","617","0","24","Request Emergency Help","no active tel link; CTA falls back to /contact while phone placeholder remains","yes","indexable","2026-07-12T15:04:52.184Z","duplicate brand in title; missing social image metadata; orphan page"
"/blog/emergency-drain-cleaning-cost-in-dallas-what-affects-the-price","article","Emergency Drain Cleaning Cost in Dallas: What Affects the Price | Plumbing Hands | Plumbing Hands","Fast action starts with stopping water use where safe, identifying the affected fixture, and calling a local provider connection when the issue risks damage, contamination, or loss of essential plumbing.","Emergency Drain Cleaning Cost in Dallas: What Affects the Price","https://plumbinghands.com/blog/emergency-drain-cleaning-cost-in-dallas-what-affects-the-price","index/follow by default; robots.txt allows /","Organization|WebPage|BreadcrumbList|FAQPage","622","0","24","Request Emergency Help","no active tel link; CTA falls back to /contact while phone placeholder remains","yes","indexable","2026-07-12T15:04:52.184Z","duplicate brand in title; missing social image metadata; orphan page"
"/blog/emergency-drain-cleaning-in-fort-worth-fast-homeowner-guide","article","Emergency Drain Cleaning in Fort Worth: Fast Homeowner Guide | Plumbing Hands | Plumbing Hands","Fast action starts with stopping water use where safe, identifying the affected fixture, and calling a local provider connection when the issue risks damage, contamination, or loss of essential plumbing.","Emergency Drain Cleaning in Fort Worth: Fast Homeowner Guide","https://plumbinghands.com/blog/emergency-drain-cleaning-in-fort-worth-fast-homeowner-guide","index/follow by default; robots.txt allows /","Organization|WebPage|BreadcrumbList|FAQPage","623","0","25","Request Emergency Help","no active tel link; CTA falls back to /contact while phone placeholder remains","yes","indexable","2026-07-12T15:04:52.184Z","duplicate brand in title; missing social image metadata; orphan page"
"/blog/emergency-drain-cleaning-in-frisco-what-to-expect","article","Emergency Drain Cleaning in Frisco: What to Expect | Plumbing Hands | Plumbing Hands","Fast action starts with stopping water use where safe, identifying the affected fixture, and calling a local provider connection when the issue risks damage, contamination, or loss of essential plumbing.","Emergency Drain Cleaning in Frisco: What to Expect","https://plumbinghands.com/blog/emergency-drain-cleaning-in-frisco-what-to-expect","index/follow by default; robots.txt allows /","Organization|WebPage|BreadcrumbList|FAQPage","614","0","24","Request Emergency Help","no active tel link; CTA falls back to /contact while phone placeholder remains","yes","indexable","2026-07-12T15:04:52.184Z","duplicate brand in title; missing social image metadata; orphan page"
"/blog/emergency-plumber-in-plano-when-to-call-now","article","Emergency Plumber in Plano: When to Call Now | Plumbing Hands | Plumbing Hands","Fast action starts with stopping water use where safe, identifying the affected fixture, and calling a local provider connection when the issue risks damage, contamination, or loss of essential plumbing.","Emergency Plumber in Plano: When to Call Now","https://plumbinghands.com/blog/emergency-plumber-in-plano-when-to-call-now","index/follow by default; robots.txt allows /","Organization|WebPage|BreadcrumbList|FAQPage","616","0","24","Request Emergency Help","no active tel link; CTA falls back to /contact while phone placeholder remains","yes","indexable","2026-07-12T15:04:52.184Z","duplicate brand in title; missing social image metadata; orphan page"
"/blog/emergency-plumber-near-me-open-now-what-to-do-before-help-arrives","article","Emergency Plumber Near Me Open Now: What to Do Before Help Arrives | Plumbing Hands | Plumbing Hands","Fast action starts with stopping water use where safe, identifying the affected fixture, and calling a local provider connection when the issue risks damage, contamination, or loss of essential plumbing.","Emergency Plumber Near Me Open Now: What to Do Before Help Arrives","https://plumbinghands.com/blog/emergency-plumber-near-me-open-now-what-to-do-before-help-arrives","index/follow by default; robots.txt allows /","Organization|WebPage|BreadcrumbList|FAQPage","628","29","23","Request Emergency Help","no active tel link; CTA falls back to /contact while phone placeholder remains","yes","indexable","2026-07-12T15:04:52.184Z","duplicate brand in title; missing social image metadata"
"/blog/emergency-plumber-vs-regular-plumber-what-is-the-difference","comparison","Emergency Plumber vs Regular Plumber: What Is the Difference | Plumbing Hands | Plumbing Hands","Fast action starts with stopping water use where safe, identifying the affected fixture, and calling a local provider connection when the issue risks damage, contamination, or loss of essential plumbing.","Emergency Plumber vs Regular Plumber: What Is the Difference","https://plumbinghands.com/blog/emergency-plumber-vs-regular-plumber-what-is-the-difference","index/follow by default; robots.txt allows /","Organization|WebPage|BreadcrumbList|FAQPage","619","0","25","Request Emergency Help","no active tel link; CTA falls back to /contact while phone placeholder remains","yes","indexable","2026-07-12T15:04:52.184Z","duplicate brand in title; missing social image metadata; orphan page"
"/blog/emergency-plumbing-cost-guide-for-dallas-homeowners","article","Emergency Plumbing Cost Guide for Dallas Homeowners | Plumbing Hands | Plumbing Hands","Fast action starts with stopping water use where safe, identifying the affected fixture, and calling a local provider connection when the issue risks damage, contamination, or loss of essential plumbing.","Emergency Plumbing Cost Guide for Dallas Homeowners","https://plumbinghands.com/blog/emergency-plumbing-cost-guide-for-dallas-homeowners","index/follow by default; robots.txt allows /","Organization|WebPage|BreadcrumbList|FAQPage","613","0","24","Request Emergency Help","no active tel link; CTA falls back to /contact while phone placeholder remains","yes","indexable","2026-07-12T15:04:52.184Z","duplicate brand in title; missing social image metadata; orphan page"
"/blog/emergency-plumbing-in-arlington-tx-common-night-and-weekend-problems","article","Emergency Plumbing in Arlington TX: Common Night and Weekend Problems | Plumbing Hands | Plumbing Hands","Fast action starts with stopping water use where safe, identifying the affected fixture, and calling a local provider connection when the issue risks damage, contamination, or loss of essential plumbing.","Emergency Plumbing in Arlington TX: Common Night and Weekend Problems","https://plumbinghands.com/blog/emergency-plumbing-in-arlington-tx-common-night-and-weekend-problems","index/follow by default; robots.txt allows /","Organization|WebPage|BreadcrumbList|FAQPage","620","0","24","Request Emergency Help","no active tel link; CTA falls back to /contact while phone placeholder remains","yes","indexable","2026-07-12T15:04:52.184Z","duplicate brand in title; missing social image metadata; orphan page"
"/blog/emergency-sewer-help-in-garland-signs-and-next-steps","article","Emergency Sewer Help in Garland: Signs and Next Steps | Plumbing Hands | Plumbing Hands","Fast action starts with stopping water use where safe, identifying the affected fixture, and calling a local provider connection when the issue risks damage, contamination, or loss of essential plumbing.","Emergency Sewer Help in Garland: Signs and Next Steps","https://plumbinghands.com/blog/emergency-sewer-help-in-garland-signs-and-next-steps","index/follow by default; robots.txt allows /","Organization|WebPage|BreadcrumbList|FAQPage","619","0","25","Request Emergency Help","no active tel link; CTA falls back to /contact while phone placeholder remains","yes","indexable","2026-07-12T15:04:52.184Z","duplicate brand in title; missing social image metadata; orphan page"
"/blog/how-long-should-emergency-drain-cleaning-take","article","How Long Should Emergency Drain Cleaning Take | Plumbing Hands | Plumbing Hands","Fast action starts with stopping water use where safe, identifying the affected fixture, and calling a local provider connection when the issue risks damage, contamination, or loss of essential plumbing.","How Long Should Emergency Drain Cleaning Take","https://plumbinghands.com/blog/how-long-should-emergency-drain-cleaning-take","index/follow by default; robots.txt allows /","Organization|WebPage|BreadcrumbList|FAQPage","615","0","25","Request Emergency Help","no active tel link; CTA falls back to /contact while phone placeholder remains","yes","indexable","2026-07-12T15:04:52.184Z","duplicate brand in title; missing social image metadata; orphan page"
"/blog/how-to-know-if-a-clogged-drain-is-actually-a-sewer-line-problem","article","How to Know if a Clogged Drain Is Actually a Sewer Line Problem | Plumbing Hands | Plumbing Hands","Fast action starts with stopping water use where safe, identifying the affected fixture, and calling a local provider connection when the issue risks damage, contamination, or loss of essential plumbing.","How to Know if a Clogged Drain Is Actually a Sewer Line Problem","https://plumbinghands.com/blog/how-to-know-if-a-clogged-drain-is-actually-a-sewer-line-problem","index/follow by default; robots.txt allows /","Organization|WebPage|BreadcrumbList|FAQPage","631","0","25","Request Emergency Help","no active tel link; CTA falls back to /contact while phone placeholder remains","yes","indexable","2026-07-12T15:04:52.184Z","duplicate brand in title; missing social image metadata; orphan page"
"/blog/kitchen-sink-backing-up-in-dallas-signs-you-need-drain-help","article","Kitchen Sink Backing Up in Dallas: Signs You Need Drain Help | Plumbing Hands | Plumbing Hands","Fast action starts with stopping water use where safe, identifying the affected fixture, and calling a local provider connection when the issue risks damage, contamination, or loss of essential plumbing.","Kitchen Sink Backing Up in Dallas: Signs You Need Drain Help","https://plumbinghands.com/blog/kitchen-sink-backing-up-in-dallas-signs-you-need-drain-help","index/follow by default; robots.txt allows /","Organization|WebPage|BreadcrumbList|FAQPage","623","0","24","Request Emergency Help","no active tel link; CTA falls back to /contact while phone placeholder remains","yes","indexable","2026-07-12T15:04:52.184Z","duplicate brand in title; missing social image metadata; orphan page"
"/blog/main-sewer-line-clogged-in-dallas-warning-signs-and-fast-options","article","Main Sewer Line Clogged in Dallas: Warning Signs and Fast Options | Plumbing Hands | Plumbing Hands","Fast action starts with stopping water use where safe, identifying the affected fixture, and calling a local provider connection when the issue risks damage, contamination, or loss of essential plumbing.","Main Sewer Line Clogged in Dallas: Warning Signs and Fast Options","https://plumbinghands.com/blog/main-sewer-line-clogged-in-dallas-warning-signs-and-fast-options","index/follow by default; robots.txt allows /","Organization|WebPage|BreadcrumbList|FAQPage","627","0","24","Request Emergency Help","no active tel link; CTA falls back to /contact while phone placeholder remains","yes","indexable","2026-07-12T15:04:52.184Z","duplicate brand in title; missing social image metadata; orphan page"
"/blog/roto-rooter-vs-local-emergency-plumber-in-dallas-which-should-you-call","comparison","Roto-Rooter vs Local Emergency Plumber in Dallas: Which Should You Call | Plumbing Hands | Plumbing Hands","Fast action starts with stopping water use where safe, identifying the affected fixture, and calling a local provider connection when the issue risks damage, contamination, or loss of essential plumbing.","Roto-Rooter vs Local Emergency Plumber in Dallas: Which Should You Call","https://plumbinghands.com/blog/roto-rooter-vs-local-emergency-plumber-in-dallas-which-should-you-call","index/follow by default; robots.txt allows /","Organization|WebPage|BreadcrumbList|FAQPage","623","0","25","Request Emergency Help","no active tel link; CTA falls back to /contact while phone placeholder remains","yes","indexable","2026-07-12T15:04:52.184Z","duplicate brand in title; missing social image metadata; orphan page"
"/blog/same-day-drain-cleaning-in-dallas-what-to-expect","article","Same-Day Drain Cleaning in Dallas: What to Expect | Plumbing Hands | Plumbing Hands","Fast action starts with stopping water use where safe, identifying the affected fixture, and calling a local provider connection when the issue risks damage, contamination, or loss of essential plumbing.","Same-Day Drain Cleaning in Dallas: What to Expect","https://plumbinghands.com/blog/same-day-drain-cleaning-in-dallas-what-to-expect","index/follow by default; robots.txt allows /","Organization|WebPage|BreadcrumbList|FAQPage","616","0","24","Request Emergency Help","no active tel link; CTA falls back to /contact while phone placeholder remains","yes","indexable","2026-07-12T15:04:52.184Z","duplicate brand in title; missing social image metadata; orphan page"
"/blog/sewer-backup-in-fort-worth-what-it-means-and-who-to-call","article","Sewer Backup in Fort Worth: What It Means and Who to Call | Plumbing Hands | Plumbing Hands","Fast action starts with stopping water use where safe, identifying the affected fixture, and calling a local provider connection when the issue risks damage, contamination, or loss of essential plumbing.","Sewer Backup in Fort Worth: What It Means and Who to Call","https://plumbinghands.com/blog/sewer-backup-in-fort-worth-what-it-means-and-who-to-call","index/follow by default; robots.txt allows /","Organization|WebPage|BreadcrumbList|FAQPage","628","0","25","Request Emergency Help","no active tel link; CTA falls back to /contact while phone placeholder remains","yes","indexable","2026-07-12T15:04:52.184Z","duplicate brand in title; missing social image metadata; orphan page"
"/blog/signs-your-main-drain-needs-same-day-service","article","Signs Your Main Drain Needs Same-Day Service | Plumbing Hands | Plumbing Hands","Fast action starts with stopping water use where safe, identifying the affected fixture, and calling a local provider connection when the issue risks damage, contamination, or loss of essential plumbing.","Signs Your Main Drain Needs Same-Day Service","https://plumbinghands.com/blog/signs-your-main-drain-needs-same-day-service","index/follow by default; robots.txt allows /","Organization|WebPage|BreadcrumbList|FAQPage","613","0","25","Request Emergency Help","no active tel link; CTA falls back to /contact while phone placeholder remains","yes","indexable","2026-07-12T15:04:52.184Z","duplicate brand in title; missing social image metadata; orphan page"
"/blog/toilet-overflowing-at-night-in-dallas-fast-steps-for-homeowners","article","Toilet Overflowing at Night in Dallas: Fast Steps for Homeowners | Plumbing Hands | Plumbing Hands","Fast action starts with stopping water use where safe, identifying the affected fixture, and calling a local provider connection when the issue risks damage, contamination, or loss of essential plumbing.","Toilet Overflowing at Night in Dallas: Fast Steps for Homeowners","https://plumbinghands.com/blog/toilet-overflowing-at-night-in-dallas-fast-steps-for-homeowners","index/follow by default; robots.txt allows /","Organization|WebPage|BreadcrumbList|FAQPage","620","0","24","Request Emergency Help","no active tel link; CTA falls back to /contact while phone placeholder remains","yes","indexable","2026-07-12T15:04:52.184Z","duplicate brand in title; missing social image metadata; orphan page"
"/blog/toilet-shower-and-sink-backing-up-together-what-it-means","article","Toilet, Shower, and Sink Backing Up Together: What It Means | Plumbing Hands | Plumbing Hands","Fast action starts with stopping water use where safe, identifying the affected fixture, and calling a local provider connection when the issue risks damage, contamination, or loss of essential plumbing.","Toilet, Shower, and Sink Backing Up Together: What It Means","https://plumbinghands.com/blog/toilet-shower-and-sink-backing-up-together-what-it-means","index/follow by default; robots.txt allows /","Organization|WebPage|BreadcrumbList|FAQPage","620","0","25","Request Emergency Help","no active tel link; CTA falls back to /contact while phone placeholder remains","yes","indexable","2026-07-12T15:04:52.184Z","duplicate brand in title; missing social image metadata; orphan page"
"/blog/water-heater-leaking-in-dallas-emergency-signs-to-watch","article","Water Heater Leaking in Dallas: Emergency Signs to Watch | Plumbing Hands | Plumbing Hands","Fast action starts with stopping water use where safe, identifying the affected fixture, and calling a local provider connection when the issue risks damage, contamination, or loss of essential plumbing.","Water Heater Leaking in Dallas: Emergency Signs to Watch","https://plumbinghands.com/blog/water-heater-leaking-in-dallas-emergency-signs-to-watch","index/follow by default; robots.txt allows /","Organization|WebPage|BreadcrumbList|FAQPage","619","0","24","Request Emergency Help","no active tel link; CTA falls back to /contact while phone placeholder remains","yes","indexable","2026-07-12T15:04:52.184Z","duplicate brand in title; missing social image metadata; orphan page"
"/blog/what-counts-as-a-plumbing-emergency","article","What Counts as a Plumbing Emergency | Plumbing Hands | Plumbing Hands","Fast action starts with stopping water use where safe, identifying the affected fixture, and calling a local provider connection when the issue risks damage, contamination, or loss of essential plumbing.","What Counts as a Plumbing Emergency","https://plumbinghands.com/blog/what-counts-as-a-plumbing-emergency","index/follow by default; robots.txt allows /","Organization|WebPage|BreadcrumbList|FAQPage","610","0","24","Request Emergency Help","no active tel link; CTA falls back to /contact while phone placeholder remains","yes","indexable","2026-07-12T15:04:52.184Z","duplicate brand in title; missing social image metadata; orphan page"
"/cities/allen","city","Emergency plumbing help in Allen, TX | Plumbing Hands | Plumbing Hands","Request emergency plumbing and drain cleaning help serving Allen, TX with clear service-area guidance.","Emergency plumbing help in Allen","https://plumbinghands.com/cities/allen","index/follow by default; robots.txt allows /","Organization|WebPage|BreadcrumbList|FAQPage","687","5","29","Request Emergency Help","no active tel link; CTA falls back to /contact while phone placeholder remains","yes","indexable","2026-07-12T15:04:52.184Z","duplicate brand in title; no live tel link until owner supplies phone; missing social image metadata; template local copy needs verified proof additions later"
"/cities/arlington","city","Emergency plumbing help in Arlington, TX | Plumbing Hands | Plumbing Hands","Request emergency plumbing and drain cleaning help serving Arlington, TX with clear service-area guidance.","Emergency plumbing help in Arlington","https://plumbinghands.com/cities/arlington","index/follow by default; robots.txt allows /","Organization|WebPage|BreadcrumbList|FAQPage","702","111","26","Request Emergency Help","no active tel link; CTA falls back to /contact while phone placeholder remains","yes","indexable","2026-07-12T15:04:52.184Z","duplicate brand in title; no live tel link until owner supplies phone; missing social image metadata; template local copy needs verified proof additions later"
"/cities/arlington/24-hour-emergency-plumber","service plus city","24-hour emergency plumber in Arlington, TX | Plumbing Hands | Plumbing Hands","If water is actively leaking, a drain is backing up, or an essential fixture cannot be used safely, shut off the closest valve when possible and request urgent plumbing help. Local service-area guidance for Arlington, TX with provider availability reminders.","24-hour emergency plumber in Arlington , TX","https://plumbinghands.com/cities/arlington/24-hour-emergency-plumber","index/follow by default; robots.txt allows /","Organization|WebPage|Service|BreadcrumbList|FAQPage","762","2","21","Request Emergency Help","no active tel link; CTA falls back to /contact while phone placeholder remains","yes","indexable","2026-07-12T15:04:52.184Z","duplicate brand in title; no live tel link until owner supplies phone; missing social image metadata; template local copy needs verified proof additions later"
"/cities/arlington/emergency-drain-cleaning","service plus city","emergency drain cleaning in Arlington, TX | Plumbing Hands | Plumbing Hands","Emergency drain cleaning is needed when wastewater is backing up, more than one fixture is affected, or a clog blocks a kitchen, bathroom, or business from operating. Local service-area guidance for Arlington, TX with provider availability reminders.","emergency drain cleaning in Arlington , TX","https://plumbinghands.com/cities/arlington/emergency-drain-cleaning","index/follow by default; robots.txt allows /","Organization|WebPage|Service|BreadcrumbList|FAQPage","767","2","24","Request Emergency Help","no active tel link; CTA falls back to /contact while phone placeholder remains","yes","indexable","2026-07-12T15:04:52.184Z","duplicate brand in title; no live tel link until owner supplies phone; missing social image metadata; template local copy needs verified proof additions later"
"/cities/bedford","city","Emergency plumbing help in Bedford, TX | Plumbing Hands | Plumbing Hands","Request emergency plumbing and drain cleaning help serving Bedford, TX with clear service-area guidance.","Emergency plumbing help in Bedford","https://plumbinghands.com/cities/bedford","index/follow by default; robots.txt allows /","Organization|WebPage|BreadcrumbList|FAQPage","682","5","29","Request Emergency Help","no active tel link; CTA falls back to /contact while phone placeholder remains","yes","indexable","2026-07-12T15:04:52.184Z","duplicate brand in title; no live tel link until owner supplies phone; missing social image metadata; template local copy needs verified proof additions later"
"/cities/carrollton","city","Emergency plumbing help in Carrollton, TX | Plumbing Hands | Plumbing Hands","Request emergency plumbing and drain cleaning help serving Carrollton, TX with clear service-area guidance.","Emergency plumbing help in Carrollton","https://plumbinghands.com/cities/carrollton","index/follow by default; robots.txt allows /","Organization|WebPage|BreadcrumbList|FAQPage","690","5","29","Request Emergency Help","no active tel link; CTA falls back to /contact while phone placeholder remains","yes","indexable","2026-07-12T15:04:52.184Z","duplicate brand in title; no live tel link until owner supplies phone; missing social image metadata; template local copy needs verified proof additions later"
"/cities/cedar-hill","city","Emergency plumbing help in Cedar Hill, TX | Plumbing Hands | Plumbing Hands","Request emergency plumbing and drain cleaning help serving Cedar Hill, TX with clear service-area guidance.","Emergency plumbing help in Cedar Hill","https://plumbinghands.com/cities/cedar-hill","index/follow by default; robots.txt allows /","Organization|WebPage|BreadcrumbList|FAQPage","697","6","29","Request Emergency Help","no active tel link; CTA falls back to /contact while phone placeholder remains","yes","indexable","2026-07-12T15:04:52.184Z","duplicate brand in title; no live tel link until owner supplies phone; missing social image metadata; template local copy needs verified proof additions later"
"/cities/dallas","city","Emergency plumbing help in Dallas, TX | Plumbing Hands | Plumbing Hands","Request emergency plumbing and drain cleaning help serving Dallas, TX with clear service-area guidance.","Emergency plumbing help in Dallas","https://plumbinghands.com/cities/dallas","index/follow by default; robots.txt allows /","Organization|WebPage|BreadcrumbList|FAQPage","705","111","26","Request Emergency Help","no active tel link; CTA falls back to /contact while phone placeholder remains","yes","indexable","2026-07-12T15:04:52.184Z","duplicate brand in title; no live tel link until owner supplies phone; missing social image metadata; template local copy needs verified proof additions later"
"/cities/dallas/24-hour-emergency-plumber","service plus city","24-hour emergency plumber in Dallas, TX | Plumbing Hands | Plumbing Hands","If water is actively leaking, a drain is backing up, or an essential fixture cannot be used safely, shut off the closest valve when possible and request urgent plumbing help. Local service-area guidance for Dallas, TX with provider availability reminders.","24-hour emergency plumber in Dallas , TX","https://plumbinghands.com/cities/dallas/24-hour-emergency-plumber","index/follow by default; robots.txt allows /","Organization|WebPage|Service|BreadcrumbList|FAQPage","765","2","21","Request Emergency Help","no active tel link; CTA falls back to /contact while phone placeholder remains","yes","indexable","2026-07-12T15:04:52.184Z","duplicate brand in title; no live tel link until owner supplies phone; missing social image metadata; template local copy needs verified proof additions later"
"/cities/dallas/emergency-drain-cleaning","service plus city","emergency drain cleaning in Dallas, TX | Plumbing Hands | Plumbing Hands","Emergency drain cleaning is needed when wastewater is backing up, more than one fixture is affected, or a clog blocks a kitchen, bathroom, or business from operating. Local service-area guidance for Dallas, TX with provider availability reminders.","emergency drain cleaning in Dallas , TX","https://plumbinghands.com/cities/dallas/emergency-drain-cleaning","index/follow by default; robots.txt allows /","Organization|WebPage|Service|BreadcrumbList|FAQPage","770","2","24","Request Emergency Help","no active tel link; CTA falls back to /contact while phone placeholder remains","yes","indexable","2026-07-12T15:04:52.184Z","duplicate brand in title; no live tel link until owner supplies phone; missing social image metadata; template local copy needs verified proof additions later"
"/cities/denton","city","Emergency plumbing help in Denton, TX | Plumbing Hands | Plumbing Hands","Request emergency plumbing and drain cleaning help serving Denton, TX with clear service-area guidance.","Emergency plumbing help in Denton","https://plumbinghands.com/cities/denton","index/follow by default; robots.txt allows /","Organization|WebPage|BreadcrumbList|FAQPage","685","5","29","Request Emergency Help","no active tel link; CTA falls back to /contact while phone placeholder remains","yes","indexable","2026-07-12T15:04:52.184Z","duplicate brand in title; no live tel link until owner supplies phone; missing social image metadata; template local copy needs verified proof additions later"
"/cities/desoto","city","Emergency plumbing help in DeSoto, TX | Plumbing Hands | Plumbing Hands","Request emergency plumbing and drain cleaning help serving DeSoto, TX with clear service-area guidance.","Emergency plumbing help in DeSoto","https://plumbinghands.com/cities/desoto","index/follow by default; robots.txt allows /","Organization|WebPage|BreadcrumbList|FAQPage","684","4","29","Request Emergency Help","no active tel link; CTA falls back to /contact while phone placeholder remains","yes","indexable","2026-07-12T15:04:52.184Z","duplicate brand in title; no live tel link until owner supplies phone; missing social image metadata; template local copy needs verified proof additions later"
"/cities/duncanville","city","Emergency plumbing help in Duncanville, TX | Plumbing Hands | Plumbing Hands","Request emergency plumbing and drain cleaning help serving Duncanville, TX with clear service-area guidance.","Emergency plumbing help in Duncanville","https://plumbinghands.com/cities/duncanville","index/follow by default; robots.txt allows /","Organization|WebPage|BreadcrumbList|FAQPage","684","4","29","Request Emergency Help","no active tel link; CTA falls back to /contact while phone placeholder remains","yes","indexable","2026-07-12T15:04:52.184Z","duplicate brand in title; no live tel link until owner supplies phone; missing social image metadata; template local copy needs verified proof additions later"
"/cities/euless","city","Emergency plumbing help in Euless, TX | Plumbing Hands | Plumbing Hands","Request emergency plumbing and drain cleaning help serving Euless, TX with clear service-area guidance.","Emergency plumbing help in Euless","https://plumbinghands.com/cities/euless","index/follow by default; robots.txt allows /","Organization|WebPage|BreadcrumbList|FAQPage","680","4","29","Request Emergency Help","no active tel link; CTA falls back to /contact while phone placeholder remains","yes","indexable","2026-07-12T15:04:52.184Z","duplicate brand in title; no live tel link until owner supplies phone; missing social image metadata; template local copy needs verified proof additions later"
"/cities/flower-mound","city","Emergency plumbing help in Flower Mound, TX | Plumbing Hands | Plumbing Hands","Request emergency plumbing and drain cleaning help serving Flower Mound, TX with clear service-area guidance.","Emergency plumbing help in Flower Mound","https://plumbinghands.com/cities/flower-mound","index/follow by default; robots.txt allows /","Organization|WebPage|BreadcrumbList|FAQPage","698","4","29","Request Emergency Help","no active tel link; CTA falls back to /contact while phone placeholder remains","yes","indexable","2026-07-12T15:04:52.184Z","duplicate brand in title; no live tel link until owner supplies phone; missing social image metadata; template local copy needs verified proof additions later"
"/cities/fort-worth","city","Emergency plumbing help in Fort Worth, TX | Plumbing Hands | Plumbing Hands","Request emergency plumbing and drain cleaning help serving Fort Worth, TX with clear service-area guidance.","Emergency plumbing help in Fort Worth","https://plumbinghands.com/cities/fort-worth","index/follow by default; robots.txt allows /","Organization|WebPage|BreadcrumbList|FAQPage","719","111","26","Request Emergency Help","no active tel link; CTA falls back to /contact while phone placeholder remains","yes","indexable","2026-07-12T15:04:52.184Z","duplicate brand in title; no live tel link until owner supplies phone; missing social image metadata; template local copy needs verified proof additions later"
"/cities/fort-worth/24-hour-emergency-plumber","service plus city","24-hour emergency plumber in Fort Worth, TX | Plumbing Hands | Plumbing Hands","If water is actively leaking, a drain is backing up, or an essential fixture cannot be used safely, shut off the closest valve when possible and request urgent plumbing help. Local service-area guidance for Fort Worth, TX with provider availability reminders.","24-hour emergency plumber in Fort Worth , TX","https://plumbinghands.com/cities/fort-worth/24-hour-emergency-plumber","index/follow by default; robots.txt allows /","Organization|WebPage|Service|BreadcrumbList|FAQPage","778","2","21","Request Emergency Help","no active tel link; CTA falls back to /contact while phone placeholder remains","yes","indexable","2026-07-12T15:04:52.184Z","duplicate brand in title; no live tel link until owner supplies phone; missing social image metadata; template local copy needs verified proof additions later"
"/cities/fort-worth/emergency-drain-cleaning","service plus city","emergency drain cleaning in Fort Worth, TX | Plumbing Hands | Plumbing Hands","Emergency drain cleaning is needed when wastewater is backing up, more than one fixture is affected, or a clog blocks a kitchen, bathroom, or business from operating. Local service-area guidance for Fort Worth, TX with provider availability reminders.","emergency drain cleaning in Fort Worth , TX","https://plumbinghands.com/cities/fort-worth/emergency-drain-cleaning","index/follow by default; robots.txt allows /","Organization|WebPage|Service|BreadcrumbList|FAQPage","783","2","24","Request Emergency Help","no active tel link; CTA falls back to /contact while phone placeholder remains","yes","indexable","2026-07-12T15:04:52.184Z","duplicate brand in title; no live tel link until owner supplies phone; missing social image metadata; template local copy needs verified proof additions later"
"/cities/frisco","city","Emergency plumbing help in Frisco, TX | Plumbing Hands | Plumbing Hands","Request emergency plumbing and drain cleaning help serving Frisco, TX with clear service-area guidance.","Emergency plumbing help in Frisco","https://plumbinghands.com/cities/frisco","index/follow by default; robots.txt allows /","Organization|WebPage|BreadcrumbList|FAQPage","701","7","29","Request Emergency Help","no active tel link; CTA falls back to /contact while phone placeholder remains","yes","indexable","2026-07-12T15:04:52.184Z","duplicate brand in title; no live tel link until owner supplies phone; missing social image metadata; template local copy needs verified proof additions later"
"/cities/frisco/24-hour-emergency-plumber","service plus city","24-hour emergency plumber in Frisco, TX | Plumbing Hands | Plumbing Hands","If water is actively leaking, a drain is backing up, or an essential fixture cannot be used safely, shut off the closest valve when possible and request urgent plumbing help. Local service-area guidance for Frisco, TX with provider availability reminders.","24-hour emergency plumber in Frisco , TX","https://plumbinghands.com/cities/frisco/24-hour-emergency-plumber","index/follow by default; robots.txt allows /","Organization|WebPage|Service|BreadcrumbList|FAQPage","761","1","22","Request Emergency Help","no active tel link; CTA falls back to /contact while phone placeholder remains","yes","indexable","2026-07-12T15:04:52.184Z","duplicate brand in title; no live tel link until owner supplies phone; missing social image metadata; template local copy needs verified proof additions later"
"/cities/frisco/emergency-drain-cleaning","service plus city","emergency drain cleaning in Frisco, TX | Plumbing Hands | Plumbing Hands","Emergency drain cleaning is needed when wastewater is backing up, more than one fixture is affected, or a clog blocks a kitchen, bathroom, or business from operating. Local service-area guidance for Frisco, TX with provider availability reminders.","emergency drain cleaning in Frisco , TX","https://plumbinghands.com/cities/frisco/emergency-drain-cleaning","index/follow by default; robots.txt allows /","Organization|WebPage|Service|BreadcrumbList|FAQPage","766","1","25","Request Emergency Help","no active tel link; CTA falls back to /contact while phone placeholder remains","yes","indexable","2026-07-12T15:04:52.184Z","duplicate brand in title; no live tel link until owner supplies phone; missing social image metadata; template local copy needs verified proof additions later"
"/cities/garland","city","Emergency plumbing help in Garland, TX | Plumbing Hands | Plumbing Hands","Request emergency plumbing and drain cleaning help serving Garland, TX with clear service-area guidance.","Emergency plumbing help in Garland","https://plumbinghands.com/cities/garland","index/follow by default; robots.txt allows /","Organization|WebPage|BreadcrumbList|FAQPage","700","111","28","Request Emergency Help","no active tel link; CTA falls back to /contact while phone placeholder remains","yes","indexable","2026-07-12T15:04:52.184Z","duplicate brand in title; no live tel link until owner supplies phone; missing social image metadata; template local copy needs verified proof additions later"
"/cities/garland/24-hour-emergency-plumber","service plus city","24-hour emergency plumber in Garland, TX | Plumbing Hands | Plumbing Hands","If water is actively leaking, a drain is backing up, or an essential fixture cannot be used safely, shut off the closest valve when possible and request urgent plumbing help. Local service-area guidance for Garland, TX with provider availability reminders.","24-hour emergency plumber in Garland , TX","https://plumbinghands.com/cities/garland/24-hour-emergency-plumber","index/follow by default; robots.txt allows /","Organization|WebPage|Service|BreadcrumbList|FAQPage","762","1","21","Request Emergency Help","no active tel link; CTA falls back to /contact while phone placeholder remains","yes","indexable","2026-07-12T15:04:52.184Z","duplicate brand in title; no live tel link until owner supplies phone; missing social image metadata; template local copy needs verified proof additions later"
"/cities/garland/emergency-drain-cleaning","service plus city","emergency drain cleaning in Garland, TX | Plumbing Hands | Plumbing Hands","Emergency drain cleaning is needed when wastewater is backing up, more than one fixture is affected, or a clog blocks a kitchen, bathroom, or business from operating. Local service-area guidance for Garland, TX with provider availability reminders.","emergency drain cleaning in Garland , TX","https://plumbinghands.com/cities/garland/emergency-drain-cleaning","index/follow by default; robots.txt allows /","Organization|WebPage|Service|BreadcrumbList|FAQPage","767","1","24","Request Emergency Help","no active tel link; CTA falls back to /contact while phone placeholder remains","yes","indexable","2026-07-12T15:04:52.184Z","duplicate brand in title; no live tel link until owner supplies phone; missing social image metadata; template local copy needs verified proof additions later"
"/cities/grand-prairie","city","Emergency plumbing help in Grand Prairie, TX | Plumbing Hands | Plumbing Hands","Request emergency plumbing and drain cleaning help serving Grand Prairie, TX with clear service-area guidance.","Emergency plumbing help in Grand Prairie","https://plumbinghands.com/cities/grand-prairie","index/follow by default; robots.txt allows /","Organization|WebPage|BreadcrumbList|FAQPage","698","4","29","Request Emergency Help","no active tel link; CTA falls back to /contact while phone placeholder remains","yes","indexable","2026-07-12T15:04:52.184Z","duplicate brand in title; no live tel link until owner supplies phone; missing social image metadata; template local copy needs verified proof additions later"
"/cities/grapevine","city","Emergency plumbing help in Grapevine, TX | Plumbing Hands | Plumbing Hands","Request emergency plumbing and drain cleaning help serving Grapevine, TX with clear service-area guidance.","Emergency plumbing help in Grapevine","https://plumbinghands.com/cities/grapevine","index/follow by default; robots.txt allows /","Organization|WebPage|BreadcrumbList|FAQPage","685","5","29","Request Emergency Help","no active tel link; CTA falls back to /contact while phone placeholder remains","yes","indexable","2026-07-12T15:04:52.184Z","duplicate brand in title; no live tel link until owner supplies phone; missing social image metadata; template local copy needs verified proof additions later"
"/cities/hurst","city","Emergency plumbing help in Hurst, TX | Plumbing Hands | Plumbing Hands","Request emergency plumbing and drain cleaning help serving Hurst, TX with clear service-area guidance.","Emergency plumbing help in Hurst","https://plumbinghands.com/cities/hurst","index/follow by default; robots.txt allows /","Organization|WebPage|BreadcrumbList|FAQPage","681","3","29","Request Emergency Help","no active tel link; CTA falls back to /contact while phone placeholder remains","yes","indexable","2026-07-12T15:04:52.184Z","duplicate brand in title; no live tel link until owner supplies phone; missing social image metadata; template local copy needs verified proof additions later"
"/cities/irving","city","Emergency plumbing help in Irving, TX | Plumbing Hands | Plumbing Hands","Request emergency plumbing and drain cleaning help serving Irving, TX with clear service-area guidance.","Emergency plumbing help in Irving","https://plumbinghands.com/cities/irving","index/follow by default; robots.txt allows /","Organization|WebPage|BreadcrumbList|FAQPage","701","111","27","Request Emergency Help","no active tel link; CTA falls back to /contact while phone placeholder remains","yes","indexable","2026-07-12T15:04:52.184Z","duplicate brand in title; no live tel link until owner supplies phone; missing social image metadata; template local copy needs verified proof additions later"
"/cities/irving/24-hour-emergency-plumber","service plus city","24-hour emergency plumber in Irving, TX | Plumbing Hands | Plumbing Hands","If water is actively leaking, a drain is backing up, or an essential fixture cannot be used safely, shut off the closest valve when possible and request urgent plumbing help. Local service-area guidance for Irving, TX with provider availability reminders.","24-hour emergency plumber in Irving , TX","https://plumbinghands.com/cities/irving/24-hour-emergency-plumber","index/follow by default; robots.txt allows /","Organization|WebPage|Service|BreadcrumbList|FAQPage","763","1","21","Request Emergency Help","no active tel link; CTA falls back to /contact while phone placeholder remains","yes","indexable","2026-07-12T15:04:52.184Z","duplicate brand in title; no live tel link until owner supplies phone; missing social image metadata; template local copy needs verified proof additions later"
"/cities/irving/emergency-drain-cleaning","service plus city","emergency drain cleaning in Irving, TX | Plumbing Hands | Plumbing Hands","Emergency drain cleaning is needed when wastewater is backing up, more than one fixture is affected, or a clog blocks a kitchen, bathroom, or business from operating. Local service-area guidance for Irving, TX with provider availability reminders.","emergency drain cleaning in Irving , TX","https://plumbinghands.com/cities/irving/emergency-drain-cleaning","index/follow by default; robots.txt allows /","Organization|WebPage|Service|BreadcrumbList|FAQPage","768","1","24","Request Emergency Help","no active tel link; CTA falls back to /contact while phone placeholder remains","yes","indexable","2026-07-12T15:04:52.184Z","duplicate brand in title; no live tel link until owner supplies phone; missing social image metadata; template local copy needs verified proof additions later"
"/cities/keller","city","Emergency plumbing help in Keller, TX | Plumbing Hands | Plumbing Hands","Request emergency plumbing and drain cleaning help serving Keller, TX with clear service-area guidance.","Emergency plumbing help in Keller","https://plumbinghands.com/cities/keller","index/follow by default; robots.txt allows /","Organization|WebPage|BreadcrumbList|FAQPage","685","5","29","Request Emergency Help","no active tel link; CTA falls back to /contact while phone placeholder remains","yes","indexable","2026-07-12T15:04:52.184Z","duplicate brand in title; no live tel link until owner supplies phone; missing social image metadata; template local copy needs verified proof additions later"
"/cities/lewisville","city","Emergency plumbing help in Lewisville, TX | Plumbing Hands | Plumbing Hands","Request emergency plumbing and drain cleaning help serving Lewisville, TX with clear service-area guidance.","Emergency plumbing help in Lewisville","https://plumbinghands.com/cities/lewisville","index/follow by default; robots.txt allows /","Organization|WebPage|BreadcrumbList|FAQPage","684","4","29","Request Emergency Help","no active tel link; CTA falls back to /contact while phone placeholder remains","yes","indexable","2026-07-12T15:04:52.184Z","duplicate brand in title; no live tel link until owner supplies phone; missing social image metadata; template local copy needs verified proof additions later"
"/cities/mansfield","city","Emergency plumbing help in Mansfield, TX | Plumbing Hands | Plumbing Hands","Request emergency plumbing and drain cleaning help serving Mansfield, TX with clear service-area guidance.","Emergency plumbing help in Mansfield","https://plumbinghands.com/cities/mansfield","index/follow by default; robots.txt allows /","Organization|WebPage|BreadcrumbList|FAQPage","688","6","29","Request Emergency Help","no active tel link; CTA falls back to /contact while phone placeholder remains","yes","indexable","2026-07-12T15:04:52.184Z","duplicate brand in title; no live tel link until owner supplies phone; missing social image metadata; template local copy needs verified proof additions later"
"/cities/mckinney","city","Emergency plumbing help in McKinney, TX | Plumbing Hands | Plumbing Hands","Request emergency plumbing and drain cleaning help serving McKinney, TX with clear service-area guidance.","Emergency plumbing help in McKinney","https://plumbinghands.com/cities/mckinney","index/follow by default; robots.txt allows /","Organization|WebPage|BreadcrumbList|FAQPage","700","7","30","Request Emergency Help","no active tel link; CTA falls back to /contact while phone placeholder remains","yes","indexable","2026-07-12T15:04:52.184Z","duplicate brand in title; no live tel link until owner supplies phone; missing social image metadata; template local copy needs verified proof additions later"
"/cities/mckinney/24-hour-emergency-plumber","service plus city","24-hour emergency plumber in McKinney, TX | Plumbing Hands | Plumbing Hands","If water is actively leaking, a drain is backing up, or an essential fixture cannot be used safely, shut off the closest valve when possible and request urgent plumbing help. Local service-area guidance for McKinney, TX with provider availability reminders.","24-hour emergency plumber in McKinney , TX","https://plumbinghands.com/cities/mckinney/24-hour-emergency-plumber","index/follow by default; robots.txt allows /","Organization|WebPage|Service|BreadcrumbList|FAQPage","762","1","22","Request Emergency Help","no active tel link; CTA falls back to /contact while phone placeholder remains","yes","indexable","2026-07-12T15:04:52.184Z","duplicate brand in title; no live tel link until owner supplies phone; missing social image metadata; template local copy needs verified proof additions later"
"/cities/mckinney/emergency-drain-cleaning","service plus city","emergency drain cleaning in McKinney, TX | Plumbing Hands | Plumbing Hands","Emergency drain cleaning is needed when wastewater is backing up, more than one fixture is affected, or a clog blocks a kitchen, bathroom, or business from operating. Local service-area guidance for McKinney, TX with provider availability reminders.","emergency drain cleaning in McKinney , TX","https://plumbinghands.com/cities/mckinney/emergency-drain-cleaning","index/follow by default; robots.txt allows /","Organization|WebPage|Service|BreadcrumbList|FAQPage","767","1","25","Request Emergency Help","no active tel link; CTA falls back to /contact while phone placeholder remains","yes","indexable","2026-07-12T15:04:52.184Z","duplicate brand in title; no live tel link until owner supplies phone; missing social image metadata; template local copy needs verified proof additions later"
"/cities/mesquite","city","Emergency plumbing help in Mesquite, TX | Plumbing Hands | Plumbing Hands","Request emergency plumbing and drain cleaning help serving Mesquite, TX with clear service-area guidance.","Emergency plumbing help in Mesquite","https://plumbinghands.com/cities/mesquite","index/follow by default; robots.txt allows /","Organization|WebPage|BreadcrumbList|FAQPage","685","3","29","Request Emergency Help","no active tel link; CTA falls back to /contact while phone placeholder remains","yes","indexable","2026-07-12T15:04:52.184Z","duplicate brand in title; no live tel link until owner supplies phone; missing social image metadata; template local copy needs verified proof additions later"
"/cities/plano","city","Emergency plumbing help in Plano, TX | Plumbing Hands | Plumbing Hands","Request emergency plumbing and drain cleaning help serving Plano, TX with clear service-area guidance.","Emergency plumbing help in Plano","https://plumbinghands.com/cities/plano","index/follow by default; robots.txt allows /","Organization|WebPage|BreadcrumbList|FAQPage","701","111","26","Request Emergency Help","no active tel link; CTA falls back to /contact while phone placeholder remains","yes","indexable","2026-07-12T15:04:52.184Z","duplicate brand in title; no live tel link until owner supplies phone; missing social image metadata; template local copy needs verified proof additions later"
"/cities/plano/24-hour-emergency-plumber","service plus city","24-hour emergency plumber in Plano, TX | Plumbing Hands | Plumbing Hands","If water is actively leaking, a drain is backing up, or an essential fixture cannot be used safely, shut off the closest valve when possible and request urgent plumbing help. Local service-area guidance for Plano, TX with provider availability reminders.","24-hour emergency plumber in Plano , TX","https://plumbinghands.com/cities/plano/24-hour-emergency-plumber","index/follow by default; robots.txt allows /","Organization|WebPage|Service|BreadcrumbList|FAQPage","761","2","21","Request Emergency Help","no active tel link; CTA falls back to /contact while phone placeholder remains","yes","indexable","2026-07-12T15:04:52.184Z","duplicate brand in title; no live tel link until owner supplies phone; missing social image metadata; template local copy needs verified proof additions later"
"/cities/plano/emergency-drain-cleaning","service plus city","emergency drain cleaning in Plano, TX | Plumbing Hands | Plumbing Hands","Emergency drain cleaning is needed when wastewater is backing up, more than one fixture is affected, or a clog blocks a kitchen, bathroom, or business from operating. Local service-area guidance for Plano, TX with provider availability reminders.","emergency drain cleaning in Plano , TX","https://plumbinghands.com/cities/plano/emergency-drain-cleaning","index/follow by default; robots.txt allows /","Organization|WebPage|Service|BreadcrumbList|FAQPage","766","2","24","Request Emergency Help","no active tel link; CTA falls back to /contact while phone placeholder remains","yes","indexable","2026-07-12T15:04:52.184Z","duplicate brand in title; no live tel link until owner supplies phone; missing social image metadata; template local copy needs verified proof additions later"
"/cities/richardson","city","Emergency plumbing help in Richardson, TX | Plumbing Hands | Plumbing Hands","Request emergency plumbing and drain cleaning help serving Richardson, TX with clear service-area guidance.","Emergency plumbing help in Richardson","https://plumbinghands.com/cities/richardson","index/follow by default; robots.txt allows /","Organization|WebPage|BreadcrumbList|FAQPage","688","4","29","Request Emergency Help","no active tel link; CTA falls back to /contact while phone placeholder remains","yes","indexable","2026-07-12T15:04:52.184Z","duplicate brand in title; no live tel link until owner supplies phone; missing social image metadata; template local copy needs verified proof additions later"
"/cities/rockwall","city","Emergency plumbing help in Rockwall, TX | Plumbing Hands | Plumbing Hands","Request emergency plumbing and drain cleaning help serving Rockwall, TX with clear service-area guidance.","Emergency plumbing help in Rockwall","https://plumbinghands.com/cities/rockwall","index/follow by default; robots.txt allows /","Organization|WebPage|BreadcrumbList|FAQPage","685","3","29","Request Emergency Help","no active tel link; CTA falls back to /contact while phone placeholder remains","yes","indexable","2026-07-12T15:04:52.184Z","duplicate brand in title; no live tel link until owner supplies phone; missing social image metadata; template local copy needs verified proof additions later"
"/cities/rowlett","city","Emergency plumbing help in Rowlett, TX | Plumbing Hands | Plumbing Hands","Request emergency plumbing and drain cleaning help serving Rowlett, TX with clear service-area guidance.","Emergency plumbing help in Rowlett","https://plumbinghands.com/cities/rowlett","index/follow by default; robots.txt allows /","Organization|WebPage|BreadcrumbList|FAQPage","686","5","29","Request Emergency Help","no active tel link; CTA falls back to /contact while phone placeholder remains","yes","indexable","2026-07-12T15:04:52.184Z","duplicate brand in title; no live tel link until owner supplies phone; missing social image metadata; template local copy needs verified proof additions later"
"/cities/southlake","city","Emergency plumbing help in Southlake, TX | Plumbing Hands | Plumbing Hands","Request emergency plumbing and drain cleaning help serving Southlake, TX with clear service-area guidance.","Emergency plumbing help in Southlake","https://plumbinghands.com/cities/southlake","index/follow by default; robots.txt allows /","Organization|WebPage|BreadcrumbList|FAQPage","688","3","29","Request Emergency Help","no active tel link; CTA falls back to /contact while phone placeholder remains","yes","indexable","2026-07-12T15:04:52.184Z","duplicate brand in title; no live tel link until owner supplies phone; missing social image metadata; template local copy needs verified proof additions later"
"/cities/the-colony","city","Emergency plumbing help in The Colony, TX | Plumbing Hands | Plumbing Hands","Request emergency plumbing and drain cleaning help serving The Colony, TX with clear service-area guidance.","Emergency plumbing help in The Colony","https://plumbinghands.com/cities/the-colony","index/follow by default; robots.txt allows /","Organization|WebPage|BreadcrumbList|FAQPage","699","3","29","Request Emergency Help","no active tel link; CTA falls back to /contact while phone placeholder remains","yes","indexable","2026-07-12T15:04:52.184Z","duplicate brand in title; no live tel link until owner supplies phone; missing social image metadata; template local copy needs verified proof additions later"
"/cities/wylie","city","Emergency plumbing help in Wylie, TX | Plumbing Hands | Plumbing Hands","Request emergency plumbing and drain cleaning help serving Wylie, TX with clear service-area guidance.","Emergency plumbing help in Wylie","https://plumbinghands.com/cities/wylie","index/follow by default; robots.txt allows /","Organization|WebPage|BreadcrumbList|FAQPage","687","2","29","Request Emergency Help","no active tel link; CTA falls back to /contact while phone placeholder remains","yes","indexable","2026-07-12T15:04:52.184Z","duplicate brand in title; no live tel link until owner supplies phone; missing social image metadata; template local copy needs verified proof additions later"
"/contact","contact","Request urgent plumbing help | Plumbing Hands | Plumbing Hands","Contact page for Dallas-Fort Worth emergency plumbing and drain cleaning service requests.","Request urgent plumbing help","https://plumbinghands.com/contact","index/follow by default; robots.txt allows /","Organization|WebPage","272","111","20","Request Emergency Help","no active tel link; CTA falls back to /contact while phone placeholder remains","yes","indexable","2026-07-12T15:04:52.184Z","duplicate brand in title; missing social image metadata"
"/cost-guides/burst-pipe-emergency-cost-guide","cost guide","Burst pipe emergency cost guide | Plumbing Hands | Plumbing Hands","Burst pipe emergency cost depends on pipe location, access, material, whether water is still active, and whether walls, ceilings, or slabs are involved.","Burst pipe emergency cost guide","https://plumbinghands.com/cost-guides/burst-pipe-emergency-cost-guide","index/follow by default; robots.txt allows /","Organization|WebPage|BreadcrumbList|FAQPage","621","4","23","Request Emergency Help","no active tel link; CTA falls back to /contact while phone placeholder remains","yes","indexable","2026-07-12T15:04:52.184Z","duplicate brand in title; no live tel link until owner supplies phone; missing social image metadata"
"/cost-guides/drain-cleaning-cost-dfw","cost guide","Drain cleaning cost in Dallas-Fort Worth | Plumbing Hands | Plumbing Hands","Drain cleaning cost depends on whether the clog is in one fixture, a shared branch line, or the main sewer line, plus the equipment and access needed.","Drain cleaning cost in Dallas-Fort Worth","https://plumbinghands.com/cost-guides/drain-cleaning-cost-dfw","index/follow by default; robots.txt allows /","Organization|WebPage|BreadcrumbList|FAQPage","642","13","24","Request Emergency Help","no active tel link; CTA falls back to /contact while phone placeholder remains","yes","indexable","2026-07-12T15:04:52.184Z","duplicate brand in title; no live tel link until owner supplies phone; missing social image metadata"
"/cost-guides/emergency-plumbing-cost-dfw","cost guide","Emergency plumber cost in Dallas-Fort Worth | Plumbing Hands | Plumbing Hands","Emergency plumber cost in Dallas-Fort Worth depends on diagnosis, timing, access, parts, severity, and the provider's own pricing. Confirm any dispatch or diagnostic fee before work starts.","Emergency plumber cost in Dallas-Fort Worth","https://plumbinghands.com/cost-guides/emergency-plumbing-cost-dfw","index/follow by default; robots.txt allows /","Organization|WebPage|BreadcrumbList|FAQPage","646","111","23","Request Emergency Help","no active tel link; CTA falls back to /contact while phone placeholder remains","yes","indexable","2026-07-12T15:04:52.184Z","duplicate brand in title; no live tel link until owner supplies phone; missing social image metadata"
"/cost-guides/sewer-line-clog-cost-guide","cost guide","Sewer line clog cost guide | Plumbing Hands | Plumbing Hands","Sewer line clog cost varies because clearing the blockage, inspecting the cause, and handling contaminated backup can be separate steps.","Sewer line clog cost guide","https://plumbinghands.com/cost-guides/sewer-line-clog-cost-guide","index/follow by default; robots.txt allows /","Organization|WebPage|BreadcrumbList|FAQPage","639","8","24","Request Emergency Help","no active tel link; CTA falls back to /contact while phone placeholder remains","yes","indexable","2026-07-12T15:04:52.184Z","duplicate brand in title; no live tel link until owner supplies phone; missing social image metadata"
"/cost-guides/water-heater-emergency-cost-guide","cost guide","Water heater emergency cost guide | Plumbing Hands | Plumbing Hands","Water heater emergency cost depends on whether the issue is a repairable part, a connection leak, a tank failure, or a replacement need.","Water heater emergency cost guide","https://plumbinghands.com/cost-guides/water-heater-emergency-cost-guide","index/follow by default; robots.txt allows /","Organization|WebPage|BreadcrumbList|FAQPage","625","4","23","Request Emergency Help","no active tel link; CTA falls back to /contact while phone placeholder remains","yes","indexable","2026-07-12T15:04:52.184Z","duplicate brand in title; no live tel link until owner supplies phone; missing social image metadata"
"/disclosure","legal","Provider connection disclosure | Plumbing Hands | Plumbing Hands","Disclosure for the Dallas-Fort Worth emergency plumbing service request website.","Provider connection disclosure","https://plumbinghands.com/disclosure","index/follow by default; robots.txt allows /","Organization","187","111","20","Request Emergency Help","no active tel link; CTA falls back to /contact while phone placeholder remains","yes","indexable","2026-07-12T15:04:52.184Z","duplicate brand in title; missing social image metadata"
"/faq","FAQ","Emergency plumbing and drain cleaning FAQ | Plumbing Hands | Plumbing Hands","Answer-ready FAQ hub for urgent plumbing, drain, sewer, cost, and provider connection questions.","Emergency plumbing and drain cleaning FAQ","https://plumbinghands.com/faq","index/follow by default; robots.txt allows /","Organization|WebPage|FAQPage","559","111","22","Request Emergency Help","no active tel link; CTA falls back to /contact while phone placeholder remains","yes","indexable","2026-07-12T15:04:52.184Z","duplicate brand in title; missing social image metadata"
"/partner-with-us","utility","Provider partner inquiries | Plumbing Hands | Plumbing Hands","Partner inquiry page for plumbing providers and service partners in Dallas-Fort Worth.","Provider partner inquiries","https://plumbinghands.com/partner-with-us","index/follow by default; robots.txt allows /","Organization|WebPage","258","111","20","Request Emergency Help","no active tel link; CTA falls back to /contact while phone placeholder remains","yes","indexable","2026-07-12T15:04:52.184Z","duplicate brand in title; missing social image metadata"
"/privacy","legal","Privacy policy | Plumbing Hands | Plumbing Hands","Privacy policy for the Dallas-Fort Worth emergency plumbing service request website.","Privacy policy","https://plumbinghands.com/privacy","index/follow by default; robots.txt allows /","Organization","167","111","20","Request Emergency Help","no active tel link; CTA falls back to /contact while phone placeholder remains","yes","indexable","2026-07-12T15:04:52.184Z","duplicate brand in title; missing social image metadata"
"/problems/bathtub-drain-backing-up","emergency problem","Bathtub drain backing up | Plumbing Hands | Plumbing Hands","A bathtub drain backing up may be a local tub clog or a sign of a shared bathroom drain issue. Stop running water and watch for toilet gurgling.","Bathtub drain backing up","https://plumbinghands.com/problems/bathtub-drain-backing-up","index/follow by default; robots.txt allows /","Organization|WebPage|BreadcrumbList|FAQPage","719","11","23","Request Emergency Help","no active tel link; CTA falls back to /contact while phone placeholder remains","yes","indexable","2026-07-12T15:04:52.184Z","duplicate brand in title; no live tel link until owner supplies phone; missing social image metadata"
"/problems/burst-pipe-first-steps","emergency problem","Burst pipe first steps | Plumbing Hands | Plumbing Hands","For a burst pipe, shut off the main water valve, stay away from wet electrical areas, open a low faucet to relieve pressure, and request urgent pipe help.","Burst pipe first steps","https://plumbinghands.com/problems/burst-pipe-first-steps","index/follow by default; robots.txt allows /","Organization|WebPage|BreadcrumbList|FAQPage","705","3","23","Request Emergency Help","no active tel link; CTA falls back to /contact while phone placeholder remains","yes","indexable","2026-07-12T15:04:52.184Z","duplicate brand in title; no live tel link until owner supplies phone; missing social image metadata"
"/problems/ceiling-leak-from-plumbing","emergency problem","Ceiling leak from plumbing | Plumbing Hands | Plumbing Hands","A ceiling leak from plumbing can mean an active pipe, fixture, drain, or water heater issue above. Avoid electrical areas and shut off water if safe.","Ceiling leak from plumbing","https://plumbinghands.com/problems/ceiling-leak-from-plumbing","index/follow by default; robots.txt allows /","Organization|WebPage|BreadcrumbList|FAQPage","705","3","23","Request Emergency Help","no active tel link; CTA falls back to /contact while phone placeholder remains","yes","indexable","2026-07-12T15:04:52.184Z","duplicate brand in title; no live tel link until owner supplies phone; missing social image metadata"
"/problems/floor-drain-backing-up","emergency problem","Floor drain backing up | Plumbing Hands | Plumbing Hands","A floor drain backing up can point to a main drain or sewer problem, especially when water appears during laundry, showers, or toilet use.","Floor drain backing up","https://plumbinghands.com/problems/floor-drain-backing-up","index/follow by default; robots.txt allows /","Organization|WebPage|BreadcrumbList|FAQPage","704","2","24","Request Emergency Help","no active tel link; CTA falls back to /contact while phone placeholder remains","yes","indexable","2026-07-12T15:04:52.184Z","duplicate brand in title; no live tel link until owner supplies phone; missing social image metadata"
"/problems/gurgling-toilet-and-slow-drains","emergency problem","Gurgling toilet and slow drains | Plumbing Hands | Plumbing Hands","A gurgling toilet with slow drains can be an early warning of a vent, branch drain, or main sewer restriction. Reduce water use and get guidance.","Gurgling toilet and slow drains","https://plumbinghands.com/problems/gurgling-toilet-and-slow-drains","index/follow by default; robots.txt allows /","Organization|WebPage|BreadcrumbList|FAQPage","705","1","23","Request Emergency Help","no active tel link; CTA falls back to /contact while phone placeholder remains","yes","indexable","2026-07-12T15:04:52.184Z","duplicate brand in title; no live tel link until owner supplies phone; missing social image metadata"
"/problems/kitchen-sink-backing-up","emergency problem","Kitchen sink backing up | Plumbing Hands | Plumbing Hands","A kitchen sink backing up is often caused by grease, food debris, disposal issues, or a deeper branch-line clog. Stop using the sink and disposal.","Kitchen sink backing up","https://plumbinghands.com/problems/kitchen-sink-backing-up","index/follow by default; robots.txt allows /","Organization|WebPage|BreadcrumbList|FAQPage","714","11","23","Request Emergency Help","no active tel link; CTA falls back to /contact while phone placeholder remains","yes","indexable","2026-07-12T15:04:52.184Z","duplicate brand in title; no live tel link until owner supplies phone; missing social image metadata"
"/problems/main-sewer-line-signs","emergency problem","Main sewer line signs | Plumbing Hands | Plumbing Hands","Main sewer line signs include multiple slow drains, toilet and tub backup, outdoor cleanout overflow, sewer odor, and gurgling fixtures.","Main sewer line signs","https://plumbinghands.com/problems/main-sewer-line-signs","index/follow by default; robots.txt allows /","Organization|WebPage|BreadcrumbList|FAQPage","696","52","22","Request Emergency Help","no active tel link; CTA falls back to /contact while phone placeholder remains","yes","indexable","2026-07-12T15:04:52.184Z","duplicate brand in title; no live tel link until owner supplies phone; missing social image metadata"
"/problems/no-hot-water-emergency","emergency problem","No hot water emergency | Plumbing Hands | Plumbing Hands","No hot water is urgent when it affects health, business operations, or appears with leaking, electrical issues, gas concerns, or a failed water heater.","No hot water emergency","https://plumbinghands.com/problems/no-hot-water-emergency","index/follow by default; robots.txt allows /","Organization|WebPage|BreadcrumbList|FAQPage","707","2","23","Request Emergency Help","no active tel link; CTA falls back to /contact while phone placeholder remains","yes","indexable","2026-07-12T15:04:52.184Z","duplicate brand in title; no live tel link until owner supplies phone; missing social image metadata"
"/problems/outdoor-cleanout-overflowing","emergency problem","Outdoor cleanout overflowing | Plumbing Hands | Plumbing Hands","An outdoor cleanout overflowing often points to a main sewer line blockage. Stop indoor water use and request sewer line help.","Outdoor cleanout overflowing","https://plumbinghands.com/problems/outdoor-cleanout-overflowing","index/follow by default; robots.txt allows /","Organization|WebPage|BreadcrumbList|FAQPage","692","1","23","Request Emergency Help","no active tel link; CTA falls back to /contact while phone placeholder remains","yes","indexable","2026-07-12T15:04:52.184Z","duplicate brand in title; no live tel link until owner supplies phone; missing social image metadata"
"/problems/sewer-smell-in-bathroom","emergency problem","Sewer smell in bathroom | Plumbing Hands | Plumbing Hands","A sewer smell in the bathroom may come from a dry trap, drain buildup, venting issue, or sewer backup risk. If odor appears with slow drains, call for help.","Sewer smell in bathroom","https://plumbinghands.com/problems/sewer-smell-in-bathroom","index/follow by default; robots.txt allows /","Organization|WebPage|BreadcrumbList|FAQPage","718","2","24","Request Emergency Help","no active tel link; CTA falls back to /contact while phone placeholder remains","yes","indexable","2026-07-12T15:04:52.184Z","duplicate brand in title; no live tel link until owner supplies phone; missing social image metadata"
"/problems/toilet-overflowing-will-not-stop","emergency problem","Toilet overflowing and will not stop | Plumbing Hands | Plumbing Hands","If a toilet will not stop overflowing, turn the toilet supply valve clockwise, avoid flushing again, and call if the bowl keeps rising or another fixture backs up.","Toilet overflowing and will not stop","https://plumbinghands.com/problems/toilet-overflowing-will-not-stop","index/follow by default; robots.txt allows /","Organization|WebPage|BreadcrumbList|FAQPage","734","3","22","Request Emergency Help","no active tel link; CTA falls back to /contact while phone placeholder remains","yes","indexable","2026-07-12T15:04:52.184Z","duplicate brand in title; no live tel link until owner supplies phone; missing social image metadata"
"/problems/washing-machine-drain-backing-up","emergency problem","Washing machine drain backing up | Plumbing Hands | Plumbing Hands","A washing machine drain backing up can be a standpipe, branch drain, or main line problem. Stop the washer and avoid another cycle.","Washing machine drain backing up","https://plumbinghands.com/problems/washing-machine-drain-backing-up","index/follow by default; robots.txt allows /","Organization|WebPage|BreadcrumbList|FAQPage","714","2","23","Request Emergency Help","no active tel link; CTA falls back to /contact while phone placeholder remains","yes","indexable","2026-07-12T15:04:52.184Z","duplicate brand in title; no live tel link until owner supplies phone; missing social image metadata"
"/problems/water-backing-up-in-shower-and-toilet","emergency problem","Water backing up in shower and toilet | Plumbing Hands | Plumbing Hands","Water backing up in a shower and toilet often means a shared drain or main sewer line is restricted. Stop using water and request sewer or drain help quickly.","Water backing up in shower and toilet","https://plumbinghands.com/problems/water-backing-up-in-shower-and-toilet","index/follow by default; robots.txt allows /","Organization|WebPage|BreadcrumbList|FAQPage","736","38","23","Request Emergency Help","no active tel link; CTA falls back to /contact while phone placeholder remains","yes","indexable","2026-07-12T15:04:52.184Z","duplicate brand in title; no live tel link until owner supplies phone; missing social image metadata"
"/problems/water-heater-leaking-emergency","emergency problem","Water heater leaking emergency | Plumbing Hands | Plumbing Hands","A leaking water heater is urgent when water is spreading, the tank is rusted, or electrical or gas components may be affected. Shut off water and power or gas if safe.","Water heater leaking emergency","https://plumbinghands.com/problems/water-heater-leaking-emergency","index/follow by default; robots.txt allows /","Organization|WebPage|BreadcrumbList|FAQPage","726","2","23","Request Emergency Help","no active tel link; CTA falls back to /contact while phone placeholder remains","yes","indexable","2026-07-12T15:04:52.184Z","duplicate brand in title; no live tel link until owner supplies phone; missing social image metadata"
"/services/24-hour-emergency-plumber","primary service","24-hour emergency plumber in Dallas-Fort Worth | Plumbing Hands | Plumbing Hands","If water is actively leaking, a drain is backing up, or an essential fixture cannot be used safely, shut off the closest valve when possible and request urgent plumbing help.","24-hour emergency plumber in Dallas-Fort Worth","https://plumbinghands.com/services/24-hour-emergency-plumber","index/follow by default; robots.txt allows /","Organization|WebPage|Service|BreadcrumbList|FAQPage","902","111","24","Request Emergency Help","no active tel link; CTA falls back to /contact while phone placeholder remains","yes","indexable","2026-07-12T15:04:52.184Z","duplicate brand in title; no live tel link until owner supplies phone; missing social image metadata"
"/services/burst-pipe-emergency","primary service","burst pipe emergency in Dallas-Fort Worth | Plumbing Hands | Plumbing Hands","For a burst pipe, shut off the main water valve, protect electrical areas, and request emergency plumbing help as soon as possible.","burst pipe emergency in Dallas-Fort Worth","https://plumbinghands.com/services/burst-pipe-emergency","index/follow by default; robots.txt allows /","Organization|WebPage|Service|BreadcrumbList|FAQPage","855","111","23","Request Emergency Help","no active tel link; CTA falls back to /contact while phone placeholder remains","yes","indexable","2026-07-12T15:04:52.184Z","duplicate brand in title; no live tel link until owner supplies phone; missing social image metadata"
"/services/commercial-emergency-plumbing","primary service","commercial emergency plumbing in Dallas-Fort Worth | Plumbing Hands | Plumbing Hands","Businesses should call quickly when plumbing stops operations, affects customers, or risks property damage.","commercial emergency plumbing in Dallas-Fort Worth","https://plumbinghands.com/services/commercial-emergency-plumbing","index/follow by default; robots.txt allows /","Organization|WebPage|Service|BreadcrumbList|FAQPage","813","33","23","Request Emergency Help","no active tel link; CTA falls back to /contact while phone placeholder remains","yes","indexable","2026-07-12T15:04:52.184Z","duplicate brand in title; no live tel link until owner supplies phone; missing social image metadata"
"/services/emergency-drain-cleaning","primary service","emergency drain cleaning in Dallas-Fort Worth | Plumbing Hands | Plumbing Hands","Emergency drain cleaning is needed when wastewater is backing up, more than one fixture is affected, or a clog blocks a kitchen, bathroom, or business from operating.","emergency drain cleaning in Dallas-Fort Worth","https://plumbinghands.com/services/emergency-drain-cleaning","index/follow by default; robots.txt allows /","Organization|WebPage|Service|BreadcrumbList|FAQPage","898","111","28","Request Emergency Help","no active tel link; CTA falls back to /contact while phone placeholder remains","yes","indexable","2026-07-12T15:04:52.184Z","duplicate brand in title; no live tel link until owner supplies phone; missing social image metadata"
"/services/main-sewer-line-clog","primary service","main sewer line clog in Dallas-Fort Worth | Plumbing Hands | Plumbing Hands","A main sewer line clog often affects several fixtures at once. Stop using water, avoid flushing toilets, and request urgent sewer line guidance.","main sewer line clog in Dallas-Fort Worth","https://plumbinghands.com/services/main-sewer-line-clog","index/follow by default; robots.txt allows /","Organization|WebPage|Service|BreadcrumbList|FAQPage","885","111","24","Request Emergency Help","no active tel link; CTA falls back to /contact while phone placeholder remains","yes","indexable","2026-07-12T15:04:52.184Z","duplicate brand in title; no live tel link until owner supplies phone; missing social image metadata"
"/services/same-day-plumber-connection","primary service","same-day plumber connection in Dallas-Fort Worth | Plumbing Hands | Plumbing Hands","A same-day plumber connection helps route urgent non-life-safety plumbing needs to available local providers.","same-day plumber connection in Dallas-Fort Worth","https://plumbinghands.com/services/same-day-plumber-connection","index/follow by default; robots.txt allows /","Organization|WebPage|Service|BreadcrumbList|FAQPage","798","33","23","Request Emergency Help","no active tel link; CTA falls back to /contact while phone placeholder remains","yes","indexable","2026-07-12T15:04:52.184Z","duplicate brand in title; no live tel link until owner supplies phone; missing social image metadata"
"/services/sewer-backup-help","primary service","sewer backup help in Dallas-Fort Worth | Plumbing Hands | Plumbing Hands","A sewer backup can expose people to contaminated water. Stop using plumbing fixtures, keep the area clear, and request urgent guidance.","sewer backup help in Dallas-Fort Worth","https://plumbinghands.com/services/sewer-backup-help","index/follow by default; robots.txt allows /","Organization|WebPage|Service|BreadcrumbList|FAQPage","837","35","24","Request Emergency Help","no active tel link; CTA falls back to /contact while phone placeholder remains","yes","indexable","2026-07-12T15:04:52.184Z","duplicate brand in title; no live tel link until owner supplies phone; missing social image metadata"
"/services/sink-and-shower-drain-backup","primary service","sink and shower drain backup in Dallas-Fort Worth | Plumbing Hands | Plumbing Hands","When a sink and shower back up together, the problem may be deeper than one fixture. Stop water use and request drain guidance.","sink and shower drain backup in Dallas-Fort Worth","https://plumbinghands.com/services/sink-and-shower-drain-backup","index/follow by default; robots.txt allows /","Organization|WebPage|Service|BreadcrumbList|FAQPage","869","33","23","Request Emergency Help","no active tel link; CTA falls back to /contact while phone placeholder remains","yes","indexable","2026-07-12T15:04:52.184Z","duplicate brand in title; no live tel link until owner supplies phone; missing social image metadata"
"/services/toilet-overflow-emergency","primary service","toilet overflow emergency in Dallas-Fort Worth | Plumbing Hands | Plumbing Hands","For an overflowing toilet, turn the toilet supply valve clockwise, avoid repeated flushing, and call if water keeps rising or other drains are backing up.","toilet overflow emergency in Dallas-Fort Worth","https://plumbinghands.com/services/toilet-overflow-emergency","index/follow by default; robots.txt allows /","Organization|WebPage|Service|BreadcrumbList|FAQPage","877","111","23","Request Emergency Help","no active tel link; CTA falls back to /contact while phone placeholder remains","yes","indexable","2026-07-12T15:04:52.184Z","duplicate brand in title; no live tel link until owner supplies phone; missing social image metadata"
"/services/water-heater-emergency","primary service","water heater emergency in Dallas-Fort Worth | Plumbing Hands | Plumbing Hands","A leaking or unsafe water heater needs fast attention. Shut off water and power or gas if safe, then request help for inspection or repair.","water heater emergency in Dallas-Fort Worth","https://plumbinghands.com/services/water-heater-emergency","index/follow by default; robots.txt allows /","Organization|WebPage|Service|BreadcrumbList|FAQPage","866","111","23","Request Emergency Help","no active tel link; CTA falls back to /contact while phone placeholder remains","yes","indexable","2026-07-12T15:04:52.184Z","duplicate brand in title; no live tel link until owner supplies phone; missing social image metadata"
"/terms","legal","Terms of use | Plumbing Hands | Plumbing Hands","Terms of use for the Dallas-Fort Worth emergency plumbing service request website.","Terms of use","https://plumbinghands.com/terms","index/follow by default; robots.txt allows /","Organization","172","111","20","Request Emergency Help","no active tel link; CTA falls back to /contact while phone placeholder remains","yes","indexable","2026-07-12T15:04:52.184Z","duplicate brand in title; missing social image metadata"
